Control Point,Hills Creek,Lookout Point,Fall Creek,Dorena,Cottage Grove,Cougar,Blue River,Fern Ridge,Green Peter,Foster,Detroit
MF Willamette_at Jasper,540697,911700,307232,0,0,0,0,0,0,0,0
CF WIllamette_nr Goshen,0,0,0,1614059,682255,0,0,0,0,0,0
Willamette_at Eugene,2449252,4129824,1391704,3011969,1273144,0,0,0,0,0,0
McKenzie_at Vida,0,0,0,0,0,30522,41967,0,0,0,0
Willamette_at Harrisburg,146109,246363,83021,122357,51719,58523,42051,0,0,0,0
Long Tom_at Monroe,0,0,0,0,0,0,0,101781,0,0,0
Willamette_at Albany,1562,2634,887,1399,591,776,366,894,0,0,0
No Santiam_at Mehama,0,0,0,0,0,0,0,0,0,0,0
So Santiam_at Waterloo,0,0,0,0,0,0,0,0,2004509,221975,0
Santiam_at Jefferson,0,0,0,0,0,0,0,0,7560,837,5739
Willamette_at Salem,0,0,0,0,0,0,0,0,0,0,0
Willamette_at Newberg,0,0,0,0,0,0,0,0,0,0,0
Cottage Grove_OUT,0,0,0,165428027,69925606,0,0,0,0,0,0
Dorena_OUT,0,0,0,8298385,3507686,0,0,0,0,0,0
Big Cliff_OUT,0,0,0,0,0,0,0,0,0,0,684411
Fall Creek_OUT,418920,706365,238037,0,0,0,0,0,0,0,0
Foster_OUT,0,0,0,0,0,0,0,0,115875,12831,0
Willamette_abv Falls at Oregon City,0,0,0,0,0,0,0,0,0,0,0
Willamette+Clackamas,68,116,39,41,17,34,39,35,238,26,208
Willamette+Marys,5644,9517,3207,4437,1875,2670,1393,3097,0,0,0
Mkenzie_nr Walterville,0,0,0,0,0,0,0,0,0,0,0
MF Willamette NR Oakridge,0,0,0,0,0,0,0,0,0,0,0
McKenzie_nr Coburg,0,0,0,0,0,0,0,0,0,0,0
