Month,Project,Parameter,CWMS_Key,USGS_Key,MAE,Hours_Both,Hours_Outside_Tol
2024-10,BCL,ELEV,BCL.Elev-Forebay.Inst.1Hour.0.CBT-REV,14181400,0.319,744,597
2024-11,BCL,ELEV,BCL.Elev-Forebay.Inst.1Hour.0.CBT-REV,14181400,0.272,720,450
2024-12,BCL,ELEV,BCL.Elev-Forebay.Inst.1Hour.0.CBT-REV,14181400,0.173,744,469
2025-01,BCL,ELEV,BCL.Elev-Forebay.Inst.1Hour.0.CBT-REV,14181400,0.191,742,388
2025-02,BCL,ELEV,BCL.Elev-Forebay.Inst.1Hour.0.CBT-REV,14181400,0.291,671,649
2025-03,BCL,ELEV,BCL.Elev-Forebay.Inst.1Hour.0.CBT-REV,14181400,0.376,744,665
2025-04,BCL,ELEV,BCL.Elev-Forebay.Inst.1Hour.0.CBT-REV,14181400,0.247,720,580
2025-05,BCL,ELEV,BCL.Elev-Forebay.Inst.1Hour.0.CBT-REV,14181400,0.380,744,473
2025-06,BCL,ELEV,BCL.Elev-Forebay.Inst.1Hour.0.CBT-REV,14181400,0.320,720,594
2025-07,BCL,ELEV,BCL.Elev-Forebay.Inst.1Hour.0.CBT-REV,14181400,0.300,744,607
2025-08,BCL,ELEV,BCL.Elev-Forebay.Inst.1Hour.0.CBT-REV,14181400,0.428,744,694
2025-09,BCL,ELEV,BCL.Elev-Forebay.Inst.1Hour.0.CBT-REV,14181400,0.531,719,701
2024-10,BCL,FLOW,BCL.Flow-Out.Inst.0.0.MIXED-COMPUTED-REV,14181500,12.748,744,0
2024-11,BCL,FLOW,BCL.Flow-Out.Inst.0.0.MIXED-COMPUTED-REV,14181500,43.004,717,0
2024-12,BCL,FLOW,BCL.Flow-Out.Inst.0.0.MIXED-COMPUTED-REV,14181500,41.549,744,0
2025-01,BCL,FLOW,BCL.Flow-Out.Inst.0.0.MIXED-COMPUTED-REV,14181500,42.120,744,28
2025-02,BCL,FLOW,BCL.Flow-Out.Inst.0.0.MIXED-COMPUTED-REV,14181500,16.722,672,0
2025-03,BCL,FLOW,BCL.Flow-Out.Inst.0.0.MIXED-COMPUTED-REV,14181500,27.646,744,0
2025-04,BCL,FLOW,BCL.Flow-Out.Inst.0.0.MIXED-COMPUTED-REV,14181500,31.167,720,0
2025-05,BCL,FLOW,BCL.Flow-Out.Inst.0.0.MIXED-COMPUTED-REV,14181500,23.718,744,0
2025-06,BCL,FLOW,BCL.Flow-Out.Inst.0.0.MIXED-COMPUTED-REV,14181500,32.044,720,0
2025-07,BCL,FLOW,BCL.Flow-Out.Inst.0.0.MIXED-COMPUTED-REV,14181500,44.812,744,86
2025-08,BCL,FLOW,BCL.Flow-Out.Inst.0.0.MIXED-COMPUTED-REV,14181500,1.577,744,0
2025-09,BCL,FLOW,BCL.Flow-Out.Inst.0.0.MIXED-COMPUTED-REV,14181500,1.905,720,0
2024-10,BLU,ELEV,BLU.Elev-Forebay.Inst.0.0.MIXED-REV,14162100,0.016,744,0
2024-11,BLU,ELEV,BLU.Elev-Forebay.Inst.0.0.MIXED-REV,14162100,0.041,720,0
2024-12,BLU,ELEV,BLU.Elev-Forebay.Inst.0.0.MIXED-REV,14162100,0.004,744,0
2025-01,BLU,ELEV,BLU.Elev-Forebay.Inst.0.0.MIXED-REV,14162100,0.015,744,21
2025-02,BLU,ELEV,BLU.Elev-Forebay.Inst.0.0.MIXED-REV,14162100,0.306,672,672
2025-03,BLU,ELEV,BLU.Elev-Forebay.Inst.0.0.MIXED-REV,14162100,0.015,744,20
2025-04,BLU,ELEV,BLU.Elev-Forebay.Inst.0.0.MIXED-REV,14162100,0.007,720,0
2025-05,BLU,ELEV,BLU.Elev-Forebay.Inst.0.0.MIXED-REV,14162100,0.000,744,0
2025-06,BLU,ELEV,BLU.Elev-Forebay.Inst.0.0.MIXED-REV,14162100,0.000,720,0
2025-07,BLU,ELEV,BLU.Elev-Forebay.Inst.0.0.MIXED-REV,14162100,0.009,744,0
2025-08,BLU,ELEV,BLU.Elev-Forebay.Inst.0.0.MIXED-REV,14162100,0.012,744,0
2025-09,BLU,ELEV,BLU.Elev-Forebay.Inst.0.0.MIXED-REV,14162100,0.000,720,0
2024-10,BLU,FLOW,BLU.Flow-Out.Inst.0.0.MIXED-COMPUTED-REV,14162200,0.000,744,0
2024-11,BLU,FLOW,BLU.Flow-Out.Inst.0.0.MIXED-COMPUTED-REV,14162200,0.000,719,0
2024-12,BLU,FLOW,BLU.Flow-Out.Inst.0.0.MIXED-COMPUTED-REV,14162200,0.000,744,0
2025-01,BLU,FLOW,BLU.Flow-Out.Inst.0.0.MIXED-COMPUTED-REV,14162200,0.000,744,0
2025-02,BLU,FLOW,BLU.Flow-Out.Inst.0.0.MIXED-COMPUTED-REV,14162200,0.000,672,0
2025-03,BLU,FLOW,BLU.Flow-Out.Inst.0.0.MIXED-COMPUTED-REV,14162200,0.000,744,0
2025-04,BLU,FLOW,BLU.Flow-Out.Inst.0.0.MIXED-COMPUTED-REV,14162200,0.000,720,0
2025-05,BLU,FLOW,BLU.Flow-Out.Inst.0.0.MIXED-COMPUTED-REV,14162200,0.000,744,0
2025-06,BLU,FLOW,BLU.Flow-Out.Inst.0.0.MIXED-COMPUTED-REV,14162200,0.000,720,0
2025-07,BLU,FLOW,BLU.Flow-Out.Inst.0.0.MIXED-COMPUTED-REV,14162200,0.000,744,0
2025-08,BLU,FLOW,BLU.Flow-Out.Inst.0.0.MIXED-COMPUTED-REV,14162200,0.000,744,0
2025-09,BLU,FLOW,BLU.Flow-Out.Inst.0.0.MIXED-COMPUTED-REV,14162200,0.000,720,0
2024-10,CGR,ELEV,CGR.Elev-Forebay.Inst.1Hour.0.CBT-REV,14159400,0.050,744,7
2024-11,CGR,ELEV,CGR.Elev-Forebay.Inst.1Hour.0.CBT-REV,14159400,0.056,720,86
2024-12,CGR,ELEV,CGR.Elev-Forebay.Inst.1Hour.0.CBT-REV,14159400,0.093,744,255
2025-01,CGR,ELEV,CGR.Elev-Forebay.Inst.1Hour.0.CBT-REV,14159400,0.185,742,577
2025-02,CGR,ELEV,CGR.Elev-Forebay.Inst.1Hour.0.CBT-REV,14159400,0.095,671,130
2025-03,CGR,ELEV,CGR.Elev-Forebay.Inst.1Hour.0.CBT-REV,14159400,0.089,744,389
2025-04,CGR,ELEV,CGR.Elev-Forebay.Inst.1Hour.0.CBT-REV,14159400,0.061,720,189
2025-05,CGR,ELEV,CGR.Elev-Forebay.Inst.1Hour.0.CBT-REV,14159400,0.034,744,1
2025-06,CGR,ELEV,CGR.Elev-Forebay.Inst.1Hour.0.CBT-REV,14159400,0.008,720,2
2025-07,CGR,ELEV,CGR.Elev-Forebay.Inst.1Hour.0.CBT-REV,14159400,0.009,744,0
2025-08,CGR,ELEV,CGR.Elev-Forebay.Inst.1Hour.0.CBT-REV,14159400,0.011,744,0
2025-09,CGR,ELEV,CGR.Elev-Forebay.Inst.1Hour.0.CBT-REV,14159400,0.014,720,0
2024-10,CGR,FLOW,CGR.Flow-Out.Ave.1Hour.1Hour.CBT-REV,14159500,3.843,744,7
2024-11,CGR,FLOW,CGR.Flow-Out.Ave.1Hour.1Hour.CBT-REV,14159500,6.892,720,12
2024-12,CGR,FLOW,CGR.Flow-Out.Ave.1Hour.1Hour.CBT-REV,14159500,7.053,744,27
2025-01,CGR,FLOW,CGR.Flow-Out.Ave.1Hour.1Hour.CBT-REV,14159500,11.277,742,21
2025-02,CGR,FLOW,CGR.Flow-Out.Ave.1Hour.1Hour.CBT-REV,14159500,13.525,671,42
2025-03,CGR,FLOW,CGR.Flow-Out.Ave.1Hour.1Hour.CBT-REV,14159500,16.328,744,44
2025-04,CGR,FLOW,CGR.Flow-Out.Ave.1Hour.1Hour.CBT-REV,14159500,9.842,720,16
2025-05,CGR,FLOW,CGR.Flow-Out.Ave.1Hour.1Hour.CBT-REV,14159500,16.783,744,16
2025-06,CGR,FLOW,CGR.Flow-Out.Ave.1Hour.1Hour.CBT-REV,14159500,26.996,720,3
2025-07,CGR,FLOW,CGR.Flow-Out.Ave.1Hour.1Hour.CBT-REV,14159500,15.570,655,1
2025-08,CGR,FLOW,CGR.Flow-Out.Ave.1Hour.1Hour.CBT-REV,14159500,13.776,744,1
2025-09,CGR,FLOW,CGR.Flow-Out.Ave.1Hour.1Hour.CBT-REV,14159500,3.795,720,0
2024-10,COT,ELEV,COT.Elev-Forebay.Inst.0.0.MIXED-REV,14153000,0.000,744,0
2024-11,COT,ELEV,COT.Elev-Forebay.Inst.0.0.MIXED-REV,14153000,0.000,719,0
2024-12,COT,ELEV,COT.Elev-Forebay.Inst.0.0.MIXED-REV,14153000,0.000,744,0
2025-01,COT,ELEV,COT.Elev-Forebay.Inst.0.0.MIXED-REV,14153000,0.000,744,0
2025-02,COT,ELEV,COT.Elev-Forebay.Inst.0.0.MIXED-REV,14153000,0.000,672,0
2025-03,COT,ELEV,COT.Elev-Forebay.Inst.0.0.MIXED-REV,14153000,0.000,744,0
2025-04,COT,ELEV,COT.Elev-Forebay.Inst.0.0.MIXED-REV,14153000,0.000,720,0
2025-05,COT,ELEV,COT.Elev-Forebay.Inst.0.0.MIXED-REV,14153000,0.000,744,0
2025-06,COT,ELEV,COT.Elev-Forebay.Inst.0.0.MIXED-REV,14153000,0.000,720,0
2025-07,COT,ELEV,COT.Elev-Forebay.Inst.0.0.MIXED-REV,14153000,0.000,744,0
2025-08,COT,ELEV,COT.Elev-Forebay.Inst.0.0.MIXED-REV,14153000,0.000,744,0
2025-09,COT,ELEV,COT.Elev-Forebay.Inst.0.0.MIXED-REV,14153000,0.000,720,0
2024-10,COT,FLOW,COT.Flow-Out.Inst.0.0.MIXED-COMPUTED-REV,14153500,0.000,744,0
2024-11,COT,FLOW,COT.Flow-Out.Inst.0.0.MIXED-COMPUTED-REV,14153500,0.000,719,0
2024-12,COT,FLOW,COT.Flow-Out.Inst.0.0.MIXED-COMPUTED-REV,14153500,0.056,744,0
2025-01,COT,FLOW,COT.Flow-Out.Inst.0.0.MIXED-COMPUTED-REV,14153500,0.000,744,0
2025-02,COT,FLOW,COT.Flow-Out.Inst.0.0.MIXED-COMPUTED-REV,14153500,0.000,672,0
2025-03,COT,FLOW,COT.Flow-Out.Inst.0.0.MIXED-COMPUTED-REV,14153500,0.000,744,0
2025-04,COT,FLOW,COT.Flow-Out.Inst.0.0.MIXED-COMPUTED-REV,14153500,0.000,720,0
2025-05,COT,FLOW,COT.Flow-Out.Inst.0.0.MIXED-COMPUTED-REV,14153500,0.000,744,0
2025-06,COT,FLOW,COT.Flow-Out.Inst.0.0.MIXED-COMPUTED-REV,14153500,0.228,720,0
2025-07,COT,FLOW,COT.Flow-Out.Inst.0.0.MIXED-COMPUTED-REV,14153500,0.000,744,0
2025-08,COT,FLOW,COT.Flow-Out.Inst.0.0.MIXED-COMPUTED-REV,14153500,0.000,744,0
2025-09,COT,FLOW,COT.Flow-Out.Inst.0.0.MIXED-COMPUTED-REV,14153500,0.000,720,0
2024-10,DET,ELEV,DET.Elev-Forebay.Inst.1Hour.0.CBT-REV,14180500,0.032,744,24
2024-11,DET,ELEV,DET.Elev-Forebay.Inst.1Hour.0.CBT-REV,14180500,0.079,720,177
2024-12,DET,ELEV,DET.Elev-Forebay.Inst.1Hour.0.CBT-REV,14180500,0.046,744,37
2025-01,DET,ELEV,DET.Elev-Forebay.Inst.1Hour.0.CBT-REV,14180500,0.123,744,567
2025-02,DET,ELEV,DET.Elev-Forebay.Inst.1Hour.0.CBT-REV,14180500,0.235,672,672
2025-03,DET,ELEV,DET.Elev-Forebay.Inst.1Hour.0.CBT-REV,14180500,0.056,744,95
2025-04,DET,ELEV,DET.Elev-Forebay.Inst.1Hour.0.CBT-REV,14180500,0.010,720,2
2025-05,DET,ELEV,DET.Elev-Forebay.Inst.1Hour.0.CBT-REV,14180500,0.010,744,0
2025-06,DET,ELEV,DET.Elev-Forebay.Inst.1Hour.0.CBT-REV,14180500,0.009,720,0
2025-07,DET,ELEV,DET.Elev-Forebay.Inst.1Hour.0.CBT-REV,14180500,0.009,744,1
2025-08,DET,ELEV,DET.Elev-Forebay.Inst.1Hour.0.CBT-REV,14180500,0.037,744,7
2025-09,DET,ELEV,DET.Elev-Forebay.Inst.1Hour.0.CBT-REV,14180500,0.074,720,149
2024-10,DEX,ELEV,DEX.Elev-Forebay.Inst.1Hour.0.CBT-REV,14149500,0.022,744,1
2024-11,DEX,ELEV,DEX.Elev-Forebay.Inst.1Hour.0.CBT-REV,14149500,0.012,720,3
2024-12,DEX,ELEV,DEX.Elev-Forebay.Inst.1Hour.0.CBT-REV,14149500,0.011,744,4
2025-01,DEX,ELEV,DEX.Elev-Forebay.Inst.1Hour.0.CBT-REV,14149500,0.051,742,143
2025-02,DEX,ELEV,DEX.Elev-Forebay.Inst.1Hour.0.CBT-REV,14149500,0.105,671,239
2025-03,DEX,ELEV,DEX.Elev-Forebay.Inst.1Hour.0.CBT-REV,14149500,0.037,744,84
2025-04,DEX,ELEV,DEX.Elev-Forebay.Inst.1Hour.0.CBT-REV,14149500,0.042,720,33
2025-05,DEX,ELEV,DEX.Elev-Forebay.Inst.1Hour.0.CBT-REV,14149500,0.118,744,377
2025-06,DEX,ELEV,DEX.Elev-Forebay.Inst.1Hour.0.CBT-REV,14149500,0.093,720,243
2025-07,DEX,ELEV,DEX.Elev-Forebay.Inst.1Hour.0.CBT-REV,14149500,0.106,744,273
2025-08,DEX,ELEV,DEX.Elev-Forebay.Inst.1Hour.0.CBT-REV,14149500,0.084,744,280
2025-09,DEX,ELEV,DEX.Elev-Forebay.Inst.1Hour.0.CBT-REV,14149500,0.060,720,197
2024-10,DEX,FLOW,DEX.Flow-Out.Inst.0.0.MIXED-COMPUTED-REV,14150000,1.064,744,0
2024-11,DEX,FLOW,DEX.Flow-Out.Inst.0.0.MIXED-COMPUTED-REV,14150000,1.137,718,0
2024-12,DEX,FLOW,DEX.Flow-Out.Inst.0.0.MIXED-COMPUTED-REV,14150000,1.094,734,0
2025-01,DEX,FLOW,DEX.Flow-Out.Inst.0.0.MIXED-COMPUTED-REV,14150000,4.542,744,0
2025-02,DEX,FLOW,DEX.Flow-Out.Inst.0.0.MIXED-COMPUTED-REV,14150000,1.126,672,0
2025-03,DEX,FLOW,DEX.Flow-Out.Inst.0.0.MIXED-COMPUTED-REV,14150000,1.425,744,0
2025-04,DEX,FLOW,DEX.Flow-Out.Inst.0.0.MIXED-COMPUTED-REV,14150000,1.214,720,0
2025-05,DEX,FLOW,DEX.Flow-Out.Inst.0.0.MIXED-COMPUTED-REV,14150000,15.550,744,0
2025-06,DEX,FLOW,DEX.Flow-Out.Inst.0.0.MIXED-COMPUTED-REV,14150000,66.286,720,0
2025-07,DEX,FLOW,DEX.Flow-Out.Inst.0.0.MIXED-COMPUTED-REV,14150000,68.956,744,0
2025-08,DEX,FLOW,DEX.Flow-Out.Inst.0.0.MIXED-COMPUTED-REV,14150000,68.885,743,0
2025-09,DEX,FLOW,DEX.Flow-Out.Inst.0.0.MIXED-COMPUTED-REV,14150000,70.236,720,0
2024-10,DOR,ELEV,DOR.Elev-Forebay.Inst.0.0.MIXED-REV,14155000,0.001,744,0
2024-11,DOR,ELEV,DOR.Elev-Forebay.Inst.0.0.MIXED-REV,14155000,0.000,720,0
2024-12,DOR,ELEV,DOR.Elev-Forebay.Inst.0.0.MIXED-REV,14155000,0.000,744,0
2025-01,DOR,ELEV,DOR.Elev-Forebay.Inst.0.0.MIXED-REV,14155000,0.000,744,0
2025-02,DOR,ELEV,DOR.Elev-Forebay.Inst.0.0.MIXED-REV,14155000,0.000,672,0
2025-03,DOR,ELEV,DOR.Elev-Forebay.Inst.0.0.MIXED-REV,14155000,0.000,744,0
2025-04,DOR,ELEV,DOR.Elev-Forebay.Inst.0.0.MIXED-REV,14155000,0.000,720,0
2025-05,DOR,ELEV,DOR.Elev-Forebay.Inst.0.0.MIXED-REV,14155000,0.000,744,0
2025-06,DOR,ELEV,DOR.Elev-Forebay.Inst.0.0.MIXED-REV,14155000,0.000,720,0
2025-07,DOR,ELEV,DOR.Elev-Forebay.Inst.0.0.MIXED-REV,14155000,0.001,744,2
2025-08,DOR,ELEV,DOR.Elev-Forebay.Inst.0.0.MIXED-REV,14155000,0.000,744,0
2025-09,DOR,ELEV,DOR.Elev-Forebay.Inst.0.0.MIXED-REV,14155000,0.003,720,0
2024-10,DOR,FLOW,DOR.Flow-Out.Inst.0.0.MIXED-COMPUTED-REV,14155500,5.651,744,0
2024-11,DOR,FLOW,DOR.Flow-Out.Inst.0.0.MIXED-COMPUTED-REV,14155500,33.185,720,2
2024-12,DOR,FLOW,DOR.Flow-Out.Inst.0.0.MIXED-COMPUTED-REV,14155500,58.251,733,132
2025-01,DOR,FLOW,DOR.Flow-Out.Inst.0.0.MIXED-COMPUTED-REV,14155500,87.580,744,137
2025-02,DOR,FLOW,DOR.Flow-Out.Inst.0.0.MIXED-COMPUTED-REV,14155500,65.794,672,190
2025-03,DOR,FLOW,DOR.Flow-Out.Inst.0.0.MIXED-COMPUTED-REV,14155500,123.420,744,390
2025-04,DOR,FLOW,DOR.Flow-Out.Inst.0.0.MIXED-COMPUTED-REV,14155500,26.855,720,57
2025-05,DOR,FLOW,DOR.Flow-Out.Inst.0.0.MIXED-COMPUTED-REV,14155500,8.743,744,0
2025-06,DOR,FLOW,DOR.Flow-Out.Inst.0.0.MIXED-COMPUTED-REV,14155500,4.167,720,0
2025-07,DOR,FLOW,DOR.Flow-Out.Inst.0.0.MIXED-COMPUTED-REV,14155500,1.629,744,0
2025-08,DOR,FLOW,DOR.Flow-Out.Inst.0.0.MIXED-COMPUTED-REV,14155500,0.986,742,0
2025-09,DOR,FLOW,DOR.Flow-Out.Inst.0.0.MIXED-COMPUTED-REV,14155500,1.511,720,0
2024-10,FAL,ELEV,FAL.Elev-Forebay.Inst.0.0.MIXED-REV,14150900,0.015,744,0
2024-11,FAL,ELEV,FAL.Elev-Forebay.Inst.0.0.MIXED-REV,14150900,0.016,720,0
2024-12,FAL,ELEV,FAL.Elev-Forebay.Inst.0.0.MIXED-REV,14150900,0.034,744,13
2025-01,FAL,ELEV,FAL.Elev-Forebay.Inst.0.0.MIXED-REV,14150900,0.008,744,0
2025-02,FAL,ELEV,FAL.Elev-Forebay.Inst.0.0.MIXED-REV,14150900,0.020,672,0
2025-03,FAL,ELEV,FAL.Elev-Forebay.Inst.0.0.MIXED-REV,14150900,0.013,744,0
2025-04,FAL,ELEV,FAL.Elev-Forebay.Inst.0.0.MIXED-REV,14150900,0.001,720,0
2025-05,FAL,ELEV,FAL.Elev-Forebay.Inst.0.0.MIXED-REV,14150900,0.001,744,0
2025-06,FAL,ELEV,FAL.Elev-Forebay.Inst.0.0.MIXED-REV,14150900,0.001,720,0
2025-07,FAL,ELEV,FAL.Elev-Forebay.Inst.0.0.MIXED-REV,14150900,0.001,744,0
2025-08,FAL,ELEV,FAL.Elev-Forebay.Inst.0.0.MIXED-REV,14150900,0.003,744,0
2025-09,FAL,ELEV,FAL.Elev-Forebay.Inst.0.0.MIXED-REV,14150900,0.043,720,0
2024-10,FAL,FLOW,FAL.Flow-Out.Inst.0.0.MIXED-COMPUTED-REV,14151000,13.389,744,0
2024-11,FAL,FLOW,FAL.Flow-Out.Inst.0.0.MIXED-COMPUTED-REV,14151000,24.057,717,1
2024-12,FAL,FLOW,FAL.Flow-Out.Inst.0.0.MIXED-COMPUTED-REV,14151000,4.169,734,0
2025-01,FAL,FLOW,FAL.Flow-Out.Inst.0.0.MIXED-COMPUTED-REV,14151000,5.329,744,0
2025-02,FAL,FLOW,FAL.Flow-Out.Inst.0.0.MIXED-COMPUTED-REV,14151000,12.492,672,74
2025-03,FAL,FLOW,FAL.Flow-Out.Inst.0.0.MIXED-COMPUTED-REV,14151000,42.165,744,159
2025-04,FAL,FLOW,FAL.Flow-Out.Inst.0.0.MIXED-COMPUTED-REV,14151000,50.111,720,240
2025-05,FAL,FLOW,FAL.Flow-Out.Inst.0.0.MIXED-COMPUTED-REV,14151000,37.718,744,0
2025-06,FAL,FLOW,FAL.Flow-Out.Inst.0.0.MIXED-COMPUTED-REV,14151000,7.638,720,0
2025-07,FAL,FLOW,FAL.Flow-Out.Inst.0.0.MIXED-COMPUTED-REV,14151000,5.314,744,0
2025-08,FAL,FLOW,FAL.Flow-Out.Inst.0.0.MIXED-COMPUTED-REV,14151000,8.215,742,0
2025-09,FAL,FLOW,FAL.Flow-Out.Inst.0.0.MIXED-COMPUTED-REV,14151000,0.210,720,0
2024-10,FOS,ELEV,FOS.Elev-Forebay.Inst.1Hour.0.CBT-REV,14186600,0.052,744,75
2024-11,FOS,ELEV,FOS.Elev-Forebay.Inst.1Hour.0.CBT-REV,14186600,0.064,720,134
2024-12,FOS,ELEV,FOS.Elev-Forebay.Inst.1Hour.0.CBT-REV,14186600,0.042,744,125
2025-01,FOS,ELEV,FOS.Elev-Forebay.Inst.1Hour.0.CBT-REV,14186600,0.032,742,35
2025-02,FOS,ELEV,FOS.Elev-Forebay.Inst.1Hour.0.CBT-REV,14186600,0.038,671,34
2025-03,FOS,ELEV,FOS.Elev-Forebay.Inst.1Hour.0.CBT-REV,14186600,0.047,744,61
2025-04,FOS,ELEV,FOS.Elev-Forebay.Inst.1Hour.0.CBT-REV,14186600,0.012,720,0
2025-05,FOS,ELEV,FOS.Elev-Forebay.Inst.1Hour.0.CBT-REV,14186600,0.036,744,73
2025-06,FOS,ELEV,FOS.Elev-Forebay.Inst.1Hour.0.CBT-REV,14186600,0.028,720,1
2025-07,FOS,ELEV,FOS.Elev-Forebay.Inst.1Hour.0.CBT-REV,14186600,0.035,744,7
2025-08,FOS,ELEV,FOS.Elev-Forebay.Inst.1Hour.0.CBT-REV,14186600,0.033,744,2
2025-09,FOS,ELEV,FOS.Elev-Forebay.Inst.1Hour.0.CBT-REV,14186600,0.047,719,7
2024-10,FOS,FLOW,FOS.Flow-Out.Ave.1Hour.1Hour.CBT-REV,14187200,180.057,744,470
2024-11,FOS,FLOW,FOS.Flow-Out.Ave.1Hour.1Hour.CBT-REV,14187200,345.362,720,593
2024-12,FOS,FLOW,FOS.Flow-Out.Ave.1Hour.1Hour.CBT-REV,14187200,437.286,744,717
2025-01,FOS,FLOW,FOS.Flow-Out.Ave.1Hour.1Hour.CBT-REV,14187200,247.571,742,202
2025-02,FOS,FLOW,FOS.Flow-Out.Ave.1Hour.1Hour.CBT-REV,14187200,369.937,671,652
2025-03,FOS,FLOW,FOS.Flow-Out.Ave.1Hour.1Hour.CBT-REV,14187200,485.518,744,608
2025-04,FOS,FLOW,FOS.Flow-Out.Ave.1Hour.1Hour.CBT-REV,14187200,363.547,720,715
2025-05,FOS,FLOW,FOS.Flow-Out.Ave.1Hour.1Hour.CBT-REV,14187200,122.525,744,725
2025-06,FOS,FLOW,FOS.Flow-Out.Ave.1Hour.1Hour.CBT-REV,14187200,101.795,720,582
2025-07,FOS,FLOW,FOS.Flow-Out.Ave.1Hour.1Hour.CBT-REV,14187200,9.757,744,4
2025-08,FOS,FLOW,FOS.Flow-Out.Ave.1Hour.1Hour.CBT-REV,14187200,7.430,744,0
2025-09,FOS,FLOW,FOS.Flow-Out.Ave.1Hour.1Hour.CBT-REV,14187200,12.148,719,2
2024-10,FRN,ELEV,FRN.Elev-Forebay.Inst.0.0.MIXED-REV,14168000,0.017,744,0
2024-11,FRN,ELEV,FRN.Elev-Forebay.Inst.0.0.MIXED-REV,14168000,0.004,709,0
2024-12,FRN,ELEV,FRN.Elev-Forebay.Inst.0.0.MIXED-REV,14168000,0.000,733,0
2025-01,FRN,ELEV,FRN.Elev-Forebay.Inst.0.0.MIXED-REV,14168000,0.002,744,0
2025-02,FRN,ELEV,FRN.Elev-Forebay.Inst.0.0.MIXED-REV,14168000,0.002,672,0
2025-03,FRN,ELEV,FRN.Elev-Forebay.Inst.0.0.MIXED-REV,14168000,0.001,744,0
2025-04,FRN,ELEV,FRN.Elev-Forebay.Inst.0.0.MIXED-REV,14168000,0.000,720,0
2025-05,FRN,ELEV,FRN.Elev-Forebay.Inst.0.0.MIXED-REV,14168000,0.000,744,0
2025-06,FRN,ELEV,FRN.Elev-Forebay.Inst.0.0.MIXED-REV,14168000,0.010,720,0
2025-07,FRN,ELEV,FRN.Elev-Forebay.Inst.0.0.MIXED-REV,14168000,0.000,744,0
2025-08,FRN,ELEV,FRN.Elev-Forebay.Inst.0.0.MIXED-REV,14168000,0.000,742,0
2025-09,FRN,ELEV,FRN.Elev-Forebay.Inst.0.0.MIXED-REV,14168000,0.000,720,0
2024-10,FRN,FLOW,FRN.Flow-Out.Inst.0.0.MIXED-COMPUTED-REV,14169000,0.288,744,0
2024-11,FRN,FLOW,FRN.Flow-Out.Inst.0.0.MIXED-COMPUTED-REV,14169000,0.431,717,0
2024-12,FRN,FLOW,FRN.Flow-Out.Inst.0.0.MIXED-COMPUTED-REV,14169000,0.627,732,0
2025-01,FRN,FLOW,FRN.Flow-Out.Inst.0.0.MIXED-COMPUTED-REV,14169000,0.734,744,0
2025-02,FRN,FLOW,FRN.Flow-Out.Inst.0.0.MIXED-COMPUTED-REV,14169000,0.855,672,0
2025-03,FRN,FLOW,FRN.Flow-Out.Inst.0.0.MIXED-COMPUTED-REV,14169000,2.337,744,0
2025-04,FRN,FLOW,FRN.Flow-Out.Inst.0.0.MIXED-COMPUTED-REV,14169000,7.576,720,0
2025-05,FRN,FLOW,FRN.Flow-Out.Inst.0.0.MIXED-COMPUTED-REV,14169000,5.941,744,0
2025-06,FRN,FLOW,FRN.Flow-Out.Inst.0.0.MIXED-COMPUTED-REV,14169000,0.554,720,0
2025-07,FRN,FLOW,FRN.Flow-Out.Inst.0.0.MIXED-COMPUTED-REV,14169000,0.010,744,0
2025-08,FRN,FLOW,FRN.Flow-Out.Inst.0.0.MIXED-COMPUTED-REV,14169000,0.025,742,0
2025-09,FRN,FLOW,FRN.Flow-Out.Inst.0.0.MIXED-COMPUTED-REV,14169000,0.017,720,0
2024-10,GPR,ELEV,GPR.Elev-Forebay.Inst.1Hour.0.CBT-REV,14186100,0.230,744,683
2024-11,GPR,ELEV,GPR.Elev-Forebay.Inst.1Hour.0.CBT-REV,14186100,0.188,720,395
2024-12,GPR,ELEV,GPR.Elev-Forebay.Inst.1Hour.0.CBT-REV,14186100,0.084,744,238
2025-01,GPR,ELEV,GPR.Elev-Forebay.Inst.1Hour.0.CBT-REV,14186100,0.063,744,194
2025-02,GPR,ELEV,GPR.Elev-Forebay.Inst.1Hour.0.CBT-REV,14186100,0.144,672,383
2025-03,GPR,ELEV,GPR.Elev-Forebay.Inst.1Hour.0.CBT-REV,14186100,0.093,744,255
2025-04,GPR,ELEV,GPR.Elev-Forebay.Inst.1Hour.0.CBT-REV,14186100,0.035,720,2
2025-05,GPR,ELEV,GPR.Elev-Forebay.Inst.1Hour.0.CBT-REV,14186100,0.085,744,184
2025-06,GPR,ELEV,GPR.Elev-Forebay.Inst.1Hour.0.CBT-REV,14186100,0.034,720,35
2025-07,GPR,ELEV,GPR.Elev-Forebay.Inst.1Hour.0.CBT-REV,14186100,0.065,744,72
2025-08,GPR,ELEV,GPR.Elev-Forebay.Inst.1Hour.0.CBT-REV,14186100,0.070,744,183
2025-09,GPR,ELEV,GPR.Elev-Forebay.Inst.1Hour.0.CBT-REV,14186100,0.114,720,446
2024-10,HCR,ELEV,HCR.Elev-Forebay.Inst.1Hour.0.CBT-REV,14145100,0.020,744,39
2024-11,HCR,ELEV,HCR.Elev-Forebay.Inst.1Hour.0.CBT-REV,14145100,0.045,720,29
2024-12,HCR,ELEV,HCR.Elev-Forebay.Inst.1Hour.0.CBT-REV,14145100,0.046,744,109
2025-01,HCR,ELEV,HCR.Elev-Forebay.Inst.1Hour.0.CBT-REV,14145100,0.081,742,328
2025-02,HCR,ELEV,HCR.Elev-Forebay.Inst.1Hour.0.CBT-REV,14145100,0.090,671,210
2025-03,HCR,ELEV,HCR.Elev-Forebay.Inst.1Hour.0.CBT-REV,14145100,0.068,744,20
2025-04,HCR,ELEV,HCR.Elev-Forebay.Inst.1Hour.0.CBT-REV,14145100,0.017,720,2
2025-05,HCR,ELEV,HCR.Elev-Forebay.Inst.1Hour.0.CBT-REV,14145100,0.014,744,2
2025-06,HCR,ELEV,HCR.Elev-Forebay.Inst.1Hour.0.CBT-REV,14145100,0.010,720,2
2025-07,HCR,ELEV,HCR.Elev-Forebay.Inst.1Hour.0.CBT-REV,14145100,0.008,744,0
2025-08,HCR,ELEV,HCR.Elev-Forebay.Inst.1Hour.0.CBT-REV,14145100,0.008,744,1
2025-09,HCR,ELEV,HCR.Elev-Forebay.Inst.1Hour.0.CBT-REV,14145100,0.040,720,1
2024-10,HCR,FLOW,HCR.Flow-Out.Ave.1Hour.1Hour.CBT-REV,14145500,4.782,744,4
2024-11,HCR,FLOW,HCR.Flow-Out.Ave.1Hour.1Hour.CBT-REV,14145500,11.009,720,14
2024-12,HCR,FLOW,HCR.Flow-Out.Ave.1Hour.1Hour.CBT-REV,14145500,15.121,744,30
2025-01,HCR,FLOW,HCR.Flow-Out.Ave.1Hour.1Hour.CBT-REV,14145500,11.774,742,9
2025-02,HCR,FLOW,HCR.Flow-Out.Ave.1Hour.1Hour.CBT-REV,14145500,13.284,671,22
2025-03,HCR,FLOW,HCR.Flow-Out.Ave.1Hour.1Hour.CBT-REV,14145500,6.792,744,9
2025-04,HCR,FLOW,HCR.Flow-Out.Ave.1Hour.1Hour.CBT-REV,14145500,11.896,720,17
2025-05,HCR,FLOW,HCR.Flow-Out.Ave.1Hour.1Hour.CBT-REV,14145500,8.503,744,3
2025-06,HCR,FLOW,HCR.Flow-Out.Ave.1Hour.1Hour.CBT-REV,14145500,15.666,720,4
2025-07,HCR,FLOW,HCR.Flow-Out.Ave.1Hour.1Hour.CBT-REV,14145500,29.482,744,5
2025-08,HCR,FLOW,HCR.Flow-Out.Ave.1Hour.1Hour.CBT-REV,14145500,21.517,744,8
2025-09,HCR,FLOW,HCR.Flow-Out.Ave.1Hour.1Hour.CBT-REV,14145500,14.268,720,5
2024-10,LOP,ELEV,LOP.Elev-Forebay.Inst.1Hour.0.CBT-REV,14149000,0.265,744,689
2024-11,LOP,ELEV,LOP.Elev-Forebay.Inst.1Hour.0.CBT-REV,14149000,0.222,720,314
2024-12,LOP,ELEV,LOP.Elev-Forebay.Inst.1Hour.0.CBT-REV,14149000,0.303,744,617
2025-01,LOP,ELEV,LOP.Elev-Forebay.Inst.1Hour.0.CBT-REV,14149000,0.337,744,633
2025-02,LOP,ELEV,LOP.Elev-Forebay.Inst.1Hour.0.CBT-REV,14149000,0.110,672,330
2025-03,LOP,ELEV,LOP.Elev-Forebay.Inst.1Hour.0.CBT-REV,14149000,0.169,744,730
2025-04,LOP,ELEV,LOP.Elev-Forebay.Inst.1Hour.0.CBT-REV,14149000,0.278,720,720
2025-05,LOP,ELEV,LOP.Elev-Forebay.Inst.1Hour.0.CBT-REV,14149000,0.187,744,312
2025-06,LOP,ELEV,LOP.Elev-Forebay.Inst.1Hour.0.CBT-REV,14149000,0.072,720,88
2025-07,LOP,ELEV,LOP.Elev-Forebay.Inst.1Hour.0.CBT-REV,14149000,0.088,744,356
2025-08,LOP,ELEV,LOP.Elev-Forebay.Inst.1Hour.0.CBT-REV,14149000,0.138,744,547
2025-09,LOP,ELEV,LOP.Elev-Forebay.Inst.1Hour.0.CBT-REV,14149000,0.367,720,719
