Reservoir,Control Point,Unreg Peak Flow (cfs),Modeled Obs Peak Flow (cfs),Flow Reduction (cfs),Without Peak Flow (cfs),Peak Discharge Increase (cfs),With Only Peak Flow (cfs),Peak Discharge Reduction (cfs),Average Reduction Credited (cfs)
Hills Creek,MF Willamette_at Jasper,28800,8900,19900,13000,4100,26200,2600,3350
Hills Creek,Willamette_at Eugene,40000,16100,23900,18300,2200,37000,3000,2600
Hills Creek,Willamette_at Harrisburg,86800,49700,37100,51600,1900,84600,2200,2050
Hills Creek,Willamette_at Albany,86500,53300,33200,56700,3400,83500,3000,3200
Hills Creek,Willamette_at Salem,158800,99300,59500,99800,500,158200,600,550
Hills Creek,Willamette_at Newberg,167200,119400,47800,119900,500,166700,500,500
Hills Creek,Willamette_abv Falls at Oregon City,201700,155100,46600,155500,400,201200,500,450
Hills Creek,Willamette+Marys,77900,47900,30000,50000,2100,74900,3000,2550
Hills Creek,MF Willamette NR Oakridge,7000,2200,4800,7000,4800,2200,4800,4800
Lookout Point,MF Willamette_at Jasper,28800,8900,19900,21700,12800,16200,12600,12700
Lookout Point,Willamette_at Eugene,40000,16100,23900,27400,11300,32000,8000,9650
Lookout Point,Willamette_at Harrisburg,86800,49700,37100,60300,10600,75700,11100,10850
Lookout Point,Willamette_at Albany,86500,53300,33200,64200,10900,77600,8900,9900
Lookout Point,Willamette_at Salem,158800,99300,59500,100500,1200,157300,1500,1350
Lookout Point,Willamette_at Newberg,167200,119400,47800,121000,1600,165700,1500,1550
Lookout Point,Willamette_abv Falls at Oregon City,201700,155100,46600,156400,1300,200200,1500,1400
Lookout Point,Willamette+Marys,77900,47900,30000,56700,8800,68200,9700,9250
Fall Creek,MF Willamette_at Jasper,28800,8900,19900,14400,5500,24900,3900,4700
Fall Creek,Willamette_at Eugene,40000,16100,23900,21300,5200,36100,3900,4550
Fall Creek,Willamette_at Harrisburg,86800,49700,37100,54700,5000,82100,4700,4850
Fall Creek,Willamette_at Albany,86500,53300,33200,57100,3800,84100,2400,3100
Fall Creek,Willamette_at Salem,158800,99300,59500,99600,300,158500,300,300
Fall Creek,Willamette_at Newberg,167200,119400,47800,119900,500,166700,500,500
Fall Creek,Fall Creek_OUT,8500,3100,5400,8500,5400,3100,5400,5400
Fall Creek,Willamette_abv Falls at Oregon City,201700,155100,46600,155400,300,201200,500,400
Fall Creek,Willamette+Marys,77900,47900,30000,51500,3600,74200,3700,3650
Dorena,CF WIllamette_nr Goshen,32100,8500,23600,14000,5500,9900,22200,13850
Dorena,Willamette_at Eugene,40000,16100,23900,19700,3600,35300,4700,4150
Dorena,Willamette_at Harrisburg,86800,49700,37100,52700,3000,83300,3500,3250
Dorena,Willamette_at Albany,86500,53300,33200,57000,3700,83600,2900,3300
Dorena,Willamette_at Salem,158800,99300,59500,99600,300,158400,400,350
Dorena,Willamette_at Newberg,167200,119400,47800,119700,300,166800,400,350
Dorena,Dorena_OUT,47500,3100,44400,9000,5900,3100,44400,25150
Dorena,Willamette_abv Falls at Oregon City,201700,155100,46600,155400,300,201300,400,350
Dorena,Willamette+Marys,77900,47900,30000,50500,2600,74400,3500,3050
Cottage Grove,CF WIllamette_nr Goshen,32100,8500,23600,9300,800,23600,8500,4650
Cottage Grove,Willamette_at Eugene,40000,16100,23900,16800,700,39300,700,700
Cottage Grove,Willamette_at Harrisburg,86800,49700,37100,50400,700,86100,700,700
Cottage Grove,Willamette_at Albany,86500,53300,33200,53800,500,86100,400,450
Cottage Grove,Willamette_at Salem,158800,99300,59500,99400,100,158700,100,100
Cottage Grove,Willamette_at Newberg,167200,119400,47800,119400,0,167100,100,50
Cottage Grove,Cottage Grove_OUT,26900,1600,25300,2100,500,1600,25300,12900
Cottage Grove,Willamette_abv Falls at Oregon City,201700,155100,46600,155100,0,201600,100,50
Cottage Grove,Willamette+Marys,77900,47900,30000,48300,400,77400,500,450
Cougar,McKenzie_at Vida,37000,20300,16700,26300,6000,31500,5500,5750
Cougar,Willamette_at Harrisburg,86800,49700,37100,55100,5400,80800,6000,5700
Cougar,Willamette_at Albany,86500,53300,33200,58800,5500,82100,4400,4950
Cougar,Willamette_at Salem,158800,99300,59500,99900,600,158000,800,700
Cougar,Willamette_at Newberg,167200,119400,47800,120200,800,166400,800,800
Cougar,Willamette_abv Falls at Oregon City,201700,155100,46600,155700,600,200900,800,700
Cougar,Willamette+Marys,77900,47900,30000,52400,4500,72000,5900,5200
Cougar,Mkenzie_nr Walterville,36100,19500,16600,25800,6300,30400,5700,6000
Cougar,McKenzie_nr Coburg,34900,19000,15900,25200,6200,29200,5700,5950
Blue River,McKenzie_at Vida,37000,20300,16700,31500,11200,26300,10700,10950
Blue River,Willamette_at Harrisburg,86800,49700,37100,59700,10000,77200,9600,9800
Blue River,Willamette_at Albany,86500,53300,33200,60800,7500,81000,5500,6500
Blue River,Willamette_at Salem,158800,99300,59500,99700,400,158300,500,450
Blue River,Willamette_at Newberg,167200,119400,47800,120400,1000,166300,900,950
Blue River,Willamette_abv Falls at Oregon City,201700,155100,46600,155700,600,200900,800,700
Blue River,Willamette+Marys,77900,47900,30000,55200,7300,70100,7800,7550
Blue River,Mkenzie_nr Walterville,36100,19500,16600,30400,10900,25800,10300,10600
Blue River,McKenzie_nr Coburg,34900,19000,15900,29200,10200,25200,9700,9950
Fern Ridge,Long Tom_at Monroe,9600,3900,5700,9600,5700,3900,5700,5700
Fern Ridge,Willamette_at Albany,86500,53300,33200,54000,700,85800,700,700
Fern Ridge,Willamette_at Salem,158800,99300,59500,100100,800,157800,1000,900
Fern Ridge,Willamette_at Newberg,167200,119400,47800,120100,700,166500,700,700
Fern Ridge,Willamette_abv Falls at Oregon City,201700,155100,46600,155700,600,201000,700,650
Fern Ridge,Willamette+Marys,77900,47900,30000,48400,500,77200,700,600
Green Peter,So Santiam_at Waterloo,60000,16900,43100,52200,35300,22800,37200,36250
Green Peter,Santiam_at Jefferson,156800,81300,75500,115000,33700,122200,34600,34150
Green Peter,Willamette_at Salem,158800,99300,59500,121800,22500,131000,27800,25150
Green Peter,Willamette_at Newberg,167200,119400,47800,139200,19800,147400,19800,19800
Green Peter,Foster_OUT,54900,8800,46100,45700,36900,17800,37100,37000
Green Peter,Willamette_abv Falls at Oregon City,201700,155100,46600,174000,18900,181800,19900,19400
Foster,So Santiam_at Waterloo,60000,16900,43100,22800,5900,52200,7800,6850
Foster,Santiam_at Jefferson,156800,81300,75500,87800,6500,149400,7400,6950
Foster,Willamette_at Salem,158800,99300,59500,104500,5200,152100,6700,5950
Foster,Willamette_at Newberg,167200,119400,47800,123700,4300,162800,4400,4350
Foster,Foster_OUT,54900,8800,46100,17800,9000,45700,9200,9100
Foster,Willamette_abv Falls at Oregon City,201700,155100,46600,159100,4000,197300,4400,4200
Detroit,No Santiam_at Mehama,66900,39700,27200,66900,27200,39700,27200,27200
Detroit,Santiam_at Jefferson,156800,81300,75500,115300,34000,122500,34300,34150
Detroit,Willamette_at Salem,158800,99300,59500,121100,21800,131800,27000,24400
Detroit,Willamette_at Newberg,167200,119400,47800,138000,18600,148500,18700,18650
Detroit,Big Cliff_OUT,36600,8100,28500,36600,28500,8100,28500,28500
Detroit,Willamette_abv Falls at Oregon City,201700,155100,46600,173300,18200,182900,18800,18500
