Reservoir,Peak Inflow (cfs),Time of Peak,Outflow at Time of Peak (cfs),Flow Difference (cfs),Note
Hills Creek,7500,"19Dec2025, 23:00",600,6900,
Lookout Point,14900,"19Dec2025, 24:00",1300,13600,Outflow is from re-reg: Dexter
Fall Creek,8500,"19Dec2025, 18:00",2700,5800,
Dorena,9000,"19Dec2025, 20:00",3000,6000,
Cottage Grove,2100,"19Dec2025, 16:00",1000,1100,
Cougar,9000,"19Dec2025, 16:00",800,8200,
Blue River,12500,"19Dec2025, 11:00",900,11600,
Fern Ridge,7400,"24Feb2026, 24:00",100,7300,
Green Peter,38000,"19Dec2025, 13:00",100,37900,
Foster,17800,"19Dec2025, 15:00",5300,12500,
Detroit,36600,"19Dec2025, 13:00",1600,35000,Outflow is from re-reg: Big Cliff
