Download_Key,ResSimPath,Hours With Data,Hours SPIKE,Hours JUMP,Hours NEGATIVE,Hours FLAT,Hours Flagged,Min,Max
FRN.Flow-In.Ave.15Minutes.3Hours.MIXED-COMPUTED-REV,//FRN/FLOW-IN//1HOUR/CWMS/,8735,121,4,2176,0,2219,-5172.59,9925.79
COT.Flow-In.Ave.15Minutes.3Hours.MIXED-COMPUTED-REV,//COT/FLOW-IN//1HOUR/CWMS/,8724,26,0,1207,0,1228,-1619.01,7211.97
FOS.Flow-In.Ave.15Minutes.3Hours.MIXED-COMPUTED-REV,//FOS/FLOW-IN//1HOUR/CWMS/,8743,894,0,9,0,903,-83.42,12449.73
GPR.Flow-In.Ave.1Hour.3Hours.CBT-COMPUTED-REV,//GPR/FLOW-IN//1HOUR/CWMS/,8760,138,1,725,0,831,-1555.08,26874.40
BLU.Flow-In.Ave.15Minutes.3Hours.MIXED-COMPUTED-REV,//BLU/FLOW-IN//1HOUR/CWMS/,8760,38,0,691,0,722,-565.25,9363.35
DOR.Flow-In.Ave.15Minutes.3Hours.MIXED-COMPUTED-REV,//DOR/FLOW-IN//1HOUR/CWMS/,8743,42,0,664,0,702,-847.72,15653.93
FAL.Flow-In.Ave.15Minutes.3Hours.MIXED-COMPUTED-REV,//FAL/FLOW-IN//1HOUR/CWMS/,8734,15,0,599,0,612,-364.52,8770.46
DET.Flow-In.Ave.1Hour.3Hours.CBT-COMPUTED-REV,//DET/FLOW-IN//1HOUR/CWMS/,8757,199,1,68,0,254,-8087.13,29660.73
LOP.Flow-In.Ave.1Hour.3Hours.CBT-COMPUTED-REV,//LOP/FLOW-IN//1HOUR/CWMS/,8760,128,2,39,0,153,-1302.39,22263.70
CGR.Flow-In.Ave.15Minutes.3Hours.MIXED-COMPUTED-REV,//CGR/FLOW-IN//1HOUR/CWMS/,8760,23,0,4,0,23,-361.42,8502.18
HCR.Flow-In.Ave.15Minutes.3Hours.MIXED-COMPUTED-REV,//HCR/FLOW-IN//1HOUR/CWMS/,8742,22,0,0,0,22,216.54,16616.11
