Project,Parameter,CWMS_Key,USGS_Key,Hours CWMS,Hours USGS,Hours Both,Hours CWMS Only,Hours USGS Only,Bias (CWMS-USGS),Median Diff,MAE,RMSE,Max Abs Diff,Max Abs Diff Time,Hours Outside Tol,Pct Outside Tol,Flags,Best Lag Hours (USGS behind CWMS),MAE at Best Lag
BCL,ELEV,BCL.Elev-Forebay.Inst.1Hour.0.CBT-REV,14181400,8756,8760,8756,0,4,0.029,0.077,0.319,0.418,2.655,2025-01-01 11:00:00,6867,78.426,78.4% of hours outside tolerance,,
LOP,ELEV,LOP.Elev-Forebay.Inst.1Hour.0.CBT-REV,14149000,8760,8760,8760,0,0,-0.040,0.027,0.212,0.267,1.423,2024-12-30 15:00:00,6055,69.121,69.1% of hours outside tolerance,,
FOS,FLOW,FOS.Flow-Out.Ave.1Hour.1Hour.CBT-REV,14187200,8756,8760,8756,0,4,-221.770,-123.333,222.572,368.031,3091.667,2025-03-16 15:00:00,5270,60.187,60.2% of hours outside tolerance,-1.000,222.513
GPR,ELEV,GPR.Elev-Forebay.Inst.1Hour.0.CBT-REV,14186100,8760,8760,8760,0,0,0.029,0.036,0.100,0.142,1.528,2024-11-18 03:00:00,3070,35.046,35.0% of hours outside tolerance,,
DEX,ELEV,DEX.Elev-Forebay.Inst.1Hour.0.CBT-REV,14149500,8757,8760,8757,0,3,-0.001,0.000,0.062,0.096,1.372,2025-01-05 10:00:00,1877,21.434,21.4% of hours outside tolerance,,
DET,ELEV,DET.Elev-Forebay.Inst.1Hour.0.CBT-REV,14180500,8760,8760,8760,0,0,0.001,0.007,0.059,0.100,2.982,2024-11-17 19:00:00,1731,19.760,19.8% of hours outside tolerance,,
CGR,ELEV,CGR.Elev-Forebay.Inst.1Hour.0.CBT-REV,14159400,8757,8760,8757,0,3,0.010,0.013,0.059,0.105,1.027,2025-01-06 14:00:00,1636,18.682,18.7% of hours outside tolerance,,
DOR,FLOW,DOR.Flow-Out.Inst.0.0.MIXED-COMPUTED-REV,14155500,8747,8760,8747,0,13,25.264,0.080,34.739,69.387,268.947,2025-03-19 00:00:00,908,10.381,10.4% of hours outside tolerance,0.000,34.739
HCR,ELEV,HCR.Elev-Forebay.Inst.1Hour.0.CBT-REV,14145100,8757,8760,8757,0,3,0.012,0.009,0.037,0.054,0.546,2024-12-29 16:00:00,743,8.485,8.5% of hours outside tolerance,,
BLU,ELEV,BLU.Elev-Forebay.Inst.0.0.MIXED-REV,14162100,8760,8760,8760,0,0,-0.023,0.000,0.033,0.095,0.510,2025-03-01 12:00:00,713,8.139,8.1% of hours outside tolerance,,
FOS,ELEV,FOS.Elev-Forebay.Inst.1Hour.0.CBT-REV,14186600,8756,8760,8756,0,4,0.006,0.005,0.039,0.052,0.357,2025-02-14 14:00:00,554,6.327,6.3% of hours outside tolerance,,
FAL,FLOW,FAL.Flow-Out.Inst.0.0.MIXED-COMPUTED-REV,14151000,8745,8760,8745,0,15,11.370,4.965,17.592,26.946,86.390,2025-04-02 23:00:00,474,5.420,5.4% of hours outside tolerance,0.000,17.592
CGR,FLOW,CGR.Flow-Out.Ave.1Hour.1Hour.CBT-REV,14159500,8757,8671,8668,89,3,5.997,3.167,12.096,26.911,577.500,2025-01-09 16:00:00,190,2.192,89 h only in one source,-1.000,10.631
HCR,FLOW,HCR.Flow-Out.Ave.1Hour.1Hour.CBT-REV,14145500,8757,8760,8757,0,3,6.850,4.167,13.683,31.271,910.833,2024-11-18 01:00:00,130,1.485,,-1.000,11.378
BCL,FLOW,BCL.Flow-Out.Inst.0.0.MIXED-COMPUTED-REV,14181500,8757,8760,8757,0,3,-5.314,-1.784,26.655,33.938,194.291,2025-01-22 17:00:00,114,1.302,,0.000,26.655
FAL,ELEV,FAL.Elev-Forebay.Inst.0.0.MIXED-REV,14150900,8760,8760,8760,0,0,0.009,0.001,0.013,0.022,0.143,2024-12-24 15:00:00,13,0.148,,,
DOR,ELEV,DOR.Elev-Forebay.Inst.0.0.MIXED-REV,14155000,8760,8760,8760,0,0,-0.000,0.000,0.000,0.004,0.190,2025-07-05 20:00:00,2,0.023,,,
DEX,FLOW,DEX.Flow-Out.Inst.0.0.MIXED-COMPUTED-REV,14150000,8747,8760,8747,0,13,-23.904,-0.989,25.246,40.512,74.159,2025-09-25 05:00:00,0,0.000,,0.000,25.246
BLU,FLOW,BLU.Flow-Out.Inst.0.0.MIXED-COMPUTED-REV,14162200,8759,8760,8759,0,1,0.000,0.000,0.000,0.000,0.000,2024-11-18 11:00:00,0,0.000,,0.000,0.000
COT,FLOW,COT.Flow-Out.Inst.0.0.MIXED-COMPUTED-REV,14153500,8759,8760,8759,0,1,0.004,0.000,0.023,0.782,41.667,2024-12-29 02:00:00,0,0.000,,0.000,0.023
FRN,ELEV,FRN.Elev-Forebay.Inst.0.0.MIXED-REV,14168000,8736,8760,8736,0,24,-0.003,0.000,0.003,0.007,0.033,2024-11-05 00:00:00,0,0.000,,,
FRN,FLOW,FRN.Flow-Out.Inst.0.0.MIXED-COMPUTED-REV,14169000,8743,8760,8743,0,17,1.456,0.046,1.619,3.087,23.000,2024-12-04 08:00:00,0,0.000,,0.000,1.619
COT,ELEV,COT.Elev-Forebay.Inst.0.0.MIXED-REV,14153000,8759,8760,8759,0,1,-0.000,0.000,0.000,0.000,0.000,2024-11-15 04:00:00,0,0.000,,,
