TRSO_Thomas Creek nr Scio,Known Flow
Coburg_HMSsub_McKenzieRv_S10,Known Flow
HMSsub_NFMFWillametteRv_S10,Known Flow
HMSsub_MFWillametteRv_S40,Known Flow
ALBO_ Albany_HMSsub_WillametteRv_S60,Known Flow
OCUO_Oregon City_HMSsub_WillametteRv_S30,Known Flow
Willamette_at Wilsonville,Known Flow
NBGO_Newberg_HMSsub_WillametteRv_S40,Known Flow
SLMO_Salem_HMSsub_WillametteRv_S50,Known Flow
WTLO_Waterloo_HMSsub_SSantiamRv_S15,Known Flow
MEHO_Mehama_HMSsub_NSantiamRv_S10,Known Flow
LSMO_Little North Santiam at Mehama,Known Flow
NSJO_Greens Bridge_HMSsub_NSantiamRv_S05,Known Flow
No Santiam+So Santiam_Local_NSR_S07,Known Flow
No Santiam+So Santiam_Local_SSR_S08,Known Flow
JFFO Santiam_at Jefferson loc,Known Flow
MNRO_Monroe_HMSsub_LongTomRv_S10,Known Flow
HARO_Harrisburg_HMSsub_WillametteRv_S80,Known Flow
McKenzie+SF McKenzie_HMSsub_McKenzieRV_S20,Known Flow
VIDO_Vida_HMSsub_McKenzieRv_S18,Known Flow
MCZO_McKenzie nr Walterville_HMSsub_McKenzieRv_S15,Known Flow
EUGO_Willamette at Eugene,Known Flow
GOSO_Goshen_HMSsub_CFWillametteRv_S10,Known Flow
JASO_Jasper_HMSsub_MFWillametteRv_S10,Known Flow
Big Cliff Local Inflow_HMSsub_NSantiamRv_S15,Known Flow
Detroit Inflow,Known Flow
Foster Local Inflow_HMSsub_SSantiamRv_S20,Known Flow
Green Peter Inflow_HMSsub_SSantiamRv_S30,Known Flow
Fern Ridge Inflow_HMSsub_LongTomRv_S20,Known Flow
Blue River Inflow_HMSsub_BlueRv_S10,Known Flow
Cougar Inflow_HMSsub_SFMcKenzieRv_S10,Known Flow
Cottage Grove Inflow_HMSsub_CFWillametteRV_S20,Known Flow
Dorena Inflow_HMSsub_RowRv_S10,Known Flow
Fall Creek Inflow_HMSsub_FallCk_S10,Known Flow
Dexter Local Inflow_HMSsub_MFWillametteRVS20,Known Flow
Lookout Point Local Inflow_HMSsub_MFWillametteRV_S60,Known Flow
Hills Creek Inflow_HMSsub_ MFWillametteRv_S60,Known Flow
TRBO_Trail Bridge Inflow,Known Flow
CANO_Molalla River at Canby_Local_JMolaR_S06,Known Flow
SUVO_Suver_HMSsub_LuckiamuteRv_S10,Known Flow
AURO_Pudding River nr Aurora,Known Flow
MCMO_McMinnville_Local_JYamhR_S01,Known Flow
WSLO_West Linn_HMSsub_TualatinRv_S10,Known Flow
CORO_Corvallis_HMSsub_WillametteRv_S70,Known Flow
PHIO_ Philomath_HMSsub_MarysRV_S70,Known Flow
Detroit - Rule Curve,Input Time Series
Foster - Rule Curve,Input Time Series
Green Peter - Rule Curve,Input Time Series
Fern Ridge - Rule Curve,Input Time Series
Blue River - Rule Curve,Input Time Series
Cougar - Rule Curve,Input Time Series
Cottage Grove - Rule Curve,Input Time Series
Dorena - Rule Curve,Input Time Series
Fall Creek - Rule Curve,Input Time Series
Lookout Point - Rule Curve,Input Time Series
Hills Creek - Rule Curve,Input Time Series
