Willamette_at Albany,Flow, , , , , , 
Willamette_at Newberg,Flow, , , , , , 
Willamette_at Salem,Flow, , , , , , 
So Santiam_at Waterloo,Flow, , , , , , 
No Santiam_at Mehama,Flow, , , , , , 
Santiam_at Jefferson,Flow, , , , , , 
Long Tom_at Monroe,Flow, , , , , , 
Willamette_at Harrisburg,Flow, , , , , , 
McKenzie_at Vida,Flow, , , , , , 
Willamette_at Eugene,Flow, , , , , , 
CF WIllamette_nr Goshen,Flow, , , , , , 
MF Willamette_at Jasper,Flow, , , , , , 
Big Cliff_OUT,Flow, , , , , , 
Detroit_OUT,Flow, , , , , , 
Foster_OUT,Flow, , , , , , 
Green Peter_OUT,Flow, , , , , , 
Fern Ridge_OUT,Flow, , , , , , 
Blue River_OUT,Flow, , , , , , 
Cougar_OUT,Flow, , , , , , 
Cottage Grove_OUT,Flow, , , , , , 
Dorena_OUT,Flow, , , , , , 
Fall Creek_OUT,Flow, , , , , , 
Dexter_OUT,Flow, , , , , , 
Lookout Point_OUT,Flow, , , , , , 
Hills Creek_OUT,Flow, , , , , , 
Foster_IN,Flow, , , , , , 
Lookout Point_IN,Flow, , , , , , 
Big Cliff-Pool,Elevation, , , , , , 
Detroit-Pool,Elevation, , , , , , 
Green Peter-Pool,Elevation, , , , , , 
Fern Ridge-Pool,Elevation, , , , , , 
Blue River-Pool,Elevation, , , , , , 
Cougar-Pool,Elevation, , , , , , 
Cottage Grove-Pool,Elevation, , , , , , 
Dorena-Pool,Elevation, , , , , , 
Fall Creek-Pool,Elevation, , , , , , 
Dexter-Pool,Elevation, , , , , , 
Lookout Point-Pool,Elevation, , , , , , 
Hills Creek-Pool,Elevation, , , , , , 
