DataFrame,First Timestamp,Last Timestamp,Max Gap,Max Gap Hours,Hours Expected,Hours Missing,Pct Complete
"/WILLAMETTE RIVER AT NEWBERG, OR/14197900/FLOW//1HOUR/USGS/",2025-10-01 00:00,2026-09-30 16:00,8 days 08:30:00,200.5,8760,225,97.43
"/PUDDING RIVER AT AURORA, OR/14202000/FLOW//1HOUR/USGS/",2025-10-01 00:00,2026-09-30 22:45,6 days 21:00:00,165.0,8760,178,97.97
"/COAST FORK WILLAMETTE RIVER NEAR GOSHEN, OR/14157500/FLOW//1HOUR/USGS/",2025-10-01 00:00,2026-09-30 23:20,5 days 04:30:00,124.5,8760,130,98.52
//FRMO/FLOW//1HOUR/CWMS/,2025-10-01 00:00,2026-09-30 22:30,4 days 05:45:00,101.75,8760,165,98.12
"/WILLAMETTE RIVER AT SALEM, OR/14191000/FLOW//1HOUR/USGS/",2025-10-01 00:00,2026-09-30 23:20,3 days 23:10:00,95.17,8760,94,98.93
//DET/FLOW-IN//1HOUR/CWMS/,2025-10-01 00:00,2026-09-30 22:00,1 days 18:00:00,42.0,8760,42,99.52
//LOP/FLOW-IN//1HOUR/CWMS/,2025-10-01 00:00,2026-09-30 22:00,1 days 18:00:00,42.0,8760,42,99.52
//GPR/FLOW-IN//1HOUR/CWMS/,2025-10-01 00:00,2026-09-30 22:00,1 days 18:00:00,42.0,8760,42,99.52
//FRN/FLOW-IN//1HOUR/CWMS/,2025-10-01 00:00,2026-09-25 13:45,1 days 15:30:00,39.5,8760,169,98.07
//HCR/FLOW-IN//1HOUR/CWMS/,2025-10-01 00:00,2026-09-30 22:45,1 days 15:30:00,39.5,8760,40,99.54
//CGR/FLOW-IN//1HOUR/CWMS/,2025-10-01 00:00,2026-09-30 23:00,1 days 15:30:00,39.5,8760,39,99.55
//BLU/FLOW-IN//1HOUR/CWMS/,2025-10-01 00:00,2026-09-30 22:45,1 days 15:30:00,39.5,8760,40,99.54
//FOS/FLOW-IN//1HOUR/CWMS/,2025-10-01 00:00,2026-09-30 23:00,1 days 15:30:00,39.5,8760,39,99.55
//FAL/FLOW-IN//1HOUR/CWMS/,2025-10-01 00:00,2026-09-30 22:45,1 days 15:30:00,39.5,8760,40,99.54
//DOR/FLOW-IN//1HOUR/CWMS/,2025-10-01 00:00,2026-09-30 22:45,1 days 15:30:00,39.5,8760,40,99.54
//COT/FLOW-IN//1HOUR/CWMS/,2025-10-01 00:00,2026-09-30 22:45,1 days 15:30:00,39.5,8760,58,99.34
//SCO/FLOW-OUT//1HOUR/CWMS/,2025-10-01 00:15,2026-09-30 23:00,0 days 22:15:00,22.25,8760,22,99.75
//COT/ELEV-FOREBAY//1HOUR/CWMS-QAQC/,2025-10-01 00:00,2026-09-30 23:15,0 days 16:00:00,16.0,8760,16,99.82
"/JOHNSON CREEK AT SYCAMORE, OR/14211500/FLOW//1HOUR/USGS/",2025-10-01 00:00,2026-09-30 23:00,0 days 09:30:00,9.5,8760,9,99.9
"/SANTIAM RIVER AT JEFFERSON, OR/14189000/FLOW//1HOUR/USGS/",2025-10-01 00:00,2026-09-30 23:15,0 days 09:00:00,9.0,8760,8,99.91
"/SOUTH YAMHILL RIVER AT MCMINNVILLE, OR/14194150/FLOW//1HOUR/USGS/",2025-10-01 00:00,2026-09-30 23:00,0 days 08:00:00,8.0,8760,145,98.34
"/MOLALLA RIVER NEAR CANBY, OR/14200000/FLOW//1HOUR/USGS/",2025-10-01 00:00,2026-09-30 23:00,0 days 04:45:00,4.75,8760,35,99.6
//CGR/ELEV-FOREBAY//1HOUR/CWMS-QAQC/,2025-10-01 00:00,2026-09-30 23:00,0 days 04:00:00,4.0,8760,9,99.9
//CGR/FLOW-OUT//1HOUR/CWMS-QAQC/,2025-10-01 00:00,2026-09-30 23:00,0 days 04:00:00,4.0,8760,9,99.9
"/MIDDLE FORK WILLAMETTE RIVER AT JASPER, OR/14152000/FLOW//1HOUR/USGS/",2025-10-01 00:00,2026-09-30 23:20,0 days 03:35:00,3.58,8760,2,99.98
//DEX/ELEV-FOREBAY//1HOUR/CWMS-QAQC/,2025-10-01 00:00,2026-09-30 23:00,0 days 03:00:00,3.0,8760,6,99.93
//GPR/ELEV-FOREBAY//1HOUR/CWMS-QAQC/,2025-10-01 00:00,2026-09-30 23:00,0 days 03:00:00,3.0,8760,7,99.92
//DET/FLOW-OUT//1HOUR/CWMS/,2025-10-01 00:00,2026-09-30 23:00,0 days 03:00:00,3.0,8760,5,99.94
//FOS/FLOW-OUT//1HOUR/CWMS/,2025-10-01 00:00,2026-09-30 23:00,0 days 03:00:00,3.0,8760,8,99.91
//GPR/FLOW-OUT//1HOUR/CWMS/,2025-10-01 00:00,2026-09-30 23:00,0 days 03:00:00,3.0,8760,7,99.92
//BCL/ELEV-FOREBAY//1HOUR/CWMS-QAQC/,2025-10-01 00:00,2026-09-30 23:00,0 days 03:00:00,3.0,8760,6,99.93
//DET/ELEV-FOREBAY//1HOUR/CWMS-QAQC/,2025-10-01 00:00,2026-09-30 23:00,0 days 03:00:00,3.0,8760,5,99.94
//FOS/ELEV-FOREBAY//1HOUR/CWMS-QAQC/,2025-10-01 00:00,2026-09-30 23:00,0 days 03:00:00,3.0,8760,8,99.91
//LOP/FLOW-OUT//1HOUR/CWMS/,2025-10-01 00:00,2026-09-30 23:00,0 days 03:00:00,3.0,8760,6,99.93
//HCR/ELEV-FOREBAY//1HOUR/CWMS-QAQC/,2025-10-01 00:00,2026-09-30 23:00,0 days 03:00:00,3.0,8760,6,99.93
//HCR/FLOW-OUT//1HOUR/CWMS-QAQC/,2025-10-01 00:00,2026-09-30 23:00,0 days 03:00:00,3.0,8760,6,99.93
//LOP/ELEV-FOREBAY//1HOUR/CWMS-QAQC/,2025-10-01 00:00,2026-09-30 23:00,0 days 03:00:00,3.0,8760,5,99.94
"/SOUTH SANTIAM RIVER AT WATERLOO, OR/14187500/FLOW//1HOUR/USGS/",2025-10-01 00:00,2026-09-30 23:20,0 days 02:00:00,2.0,8760,1,99.99
"/WILLAMETTE RIVER AT HARRISBURG, OR/14166000/FLOW//1HOUR/USGS/",2025-10-01 00:00,2026-09-30 23:20,0 days 01:45:00,1.75,8760,1,99.99
"/COTTAGE GROVE LAKE NR COTTAGE GROVE, OR/14153000/ELEV-FOREBAY//1HOUR/USGS/",2025-10-01 00:00,2026-09-30 23:20,0 days 01:25:00,1.42,8760,1,99.99
"/GREEN PETER LAKE NEAR FOSTER, OR/14186100/ELEV-FOREBAY//1HOUR/USGS/",2025-10-01 00:00,2026-09-30 23:20,0 days 01:15:00,1.25,8760,0,100.0
"/MIDDLE FORK WILLAMETTE RIVER NEAR DEXTER, OR/14150000/FLOW//1HOUR/USGS/",2025-10-01 00:00,2026-09-30 23:20,0 days 01:15:00,1.25,8760,0,100.0
"/CLACKAMAS RIVER NEAR OREGON CITY, OR/14211010/FLOW//1HOUR/USGS/",2025-10-01 00:00,2026-09-30 16:00,0 days 01:15:00,1.25,8760,7,99.92
"/MF WILLAMETTE RIVER ABV SALT CRK, NEAR OAKRIDGE,OR/14145500/FLOW//1HOUR/USGS/",2025-10-01 00:00,2026-09-30 23:15,0 days 01:15:00,1.25,8760,0,100.0
"/HILLS CREEK LAKE NEAR OAKRIDGE, OR/14145100/ELEV-FOREBAY//1HOUR/USGS/",2025-10-01 00:00,2026-09-30 23:20,0 days 01:15:00,1.25,8760,0,100.0
//BLU/FLOW-OUT//1HOUR/CWMS-QAQC/,2025-10-01 00:00,2026-09-30 23:15,0 days 01:05:00,1.08,8760,1,99.99
"/SOUTH FORK MCKENZIE RIVER NEAR RAINBOW, OR/14159500/FLOW//1HOUR/USGS/",2025-10-01 00:00,2026-09-30 23:20,0 days 01:05:00,1.08,8760,0,100.0
//SCO/ELEV-FOREBAY//1HOUR/CWMS/,2025-10-01 00:00,2026-09-30 23:00,0 days 01:00:00,1.0,8760,0,100.0
"/DORENA LAKE NEAR COTTAGE GROVE, OR/14155000/ELEV-FOREBAY//1HOUR/USGS/",2025-10-01 00:00,2026-09-30 23:15,0 days 01:00:00,1.0,8760,0,100.0
"/NORTH SANTIAM RIVER AT NIAGARA, OR/14181500/FLOW//1HOUR/USGS/",2025-10-01 00:00,2026-09-30 23:20,0 days 00:55:00,0.92,8760,0,100.0
/FOSTER QAQC/14187200/FLOW//1HOUR/USGS-QAQC/,2025-10-01 00:00,2026-09-30 23:20,0 days 00:55:00,0.92,8760,0,100.0
"/MCKENZIE RIVER NEAR VIDA, OR/14162500/FLOW//1HOUR/USGS/",2025-10-01 00:00,2026-09-30 23:15,0 days 00:45:00,0.75,8760,0,100.0
"/WILLAMETTE RIVER AT ALBANY, OR/14174000/FLOW//1HOUR/USGS/",2025-10-01 00:00,2026-09-30 23:20,0 days 00:35:00,0.58,8760,0,100.0
"/DETROIT LAKE NEAR DETROIT, OR/14180500/ELEV-FOREBAY//1HOUR/USGS/",2025-10-01 00:00,2026-09-30 23:15,0 days 00:30:00,0.5,8760,0,100.0
"/FALL CREEK LAKE NEAR LOWELL, OR/14150900/ELEV-FOREBAY//1HOUR/USGS/",2025-10-01 00:00,2026-09-30 23:20,0 days 00:30:00,0.5,8760,0,100.0
"/ROW RIVER NEAR COTTAGE GROVE, OR/14155500/FLOW//1HOUR/USGS/",2025-10-01 00:00,2026-09-30 23:20,0 days 00:30:00,0.5,8760,0,100.0
"/COUGAR LAKE NEAR RAINBOW, OR/14159400/ELEV-FOREBAY//1HOUR/USGS/",2025-10-01 00:00,2026-09-30 23:20,0 days 00:30:00,0.5,8760,0,100.0
"/BLUE RIVER AT BLUE RIVER, OR/14162200/FLOW//1HOUR/USGS/",2025-10-01 00:00,2026-09-30 23:10,0 days 00:30:00,0.5,8760,0,100.0
"/LOOKOUT POINT LAKE NEAR LOWELL, OR/14149000/ELEV-FOREBAY//1HOUR/USGS/",2025-10-01 00:00,2026-09-30 23:15,0 days 00:30:00,0.5,8760,0,100.0
"/LUCKIAMUTE RIVER NEAR SUVER, OR/14190500/FLOW//1HOUR/USGS/",2025-10-01 00:00,2026-09-30 23:20,0 days 00:30:00,0.5,8760,0,100.0
"/LONG TOM RIVER NEAR ALVADORE, OR/14169000/FLOW//1HOUR/USGS/",2025-10-01 00:00,2026-09-25 13:40,0 days 00:25:00,0.42,8760,130,98.52
"/TUALATIN RIVER AT WEST LINN, OR/14207500/FLOW//1HOUR/USGS/",2025-10-01 00:00,2026-09-30 23:20,0 days 00:25:00,0.42,8760,0,100.0
"/COAST FORK WILLAMETTE R BLW COTTAGE GROVE DAM, OR/14153500/FLOW//1HOUR/USGS/",2025-10-01 00:00,2026-09-30 23:20,0 days 00:25:00,0.42,8760,0,100.0
//DOR/ELEV-FOREBAY//1HOUR/CWMS-QAQC/,2025-10-01 00:00,2026-09-30 23:15,0 days 00:15:00,0.25,8760,0,100.0
//EUGO/FLOW//1HOUR/CWMS/,2025-10-01 00:00,2026-09-30 23:15,0 days 00:15:00,0.25,8760,0,100.0
//DEX/FLOW-OUT//1HOUR/CWMS-QAQC/,2025-10-01 00:00,2026-09-30 23:15,0 days 00:15:00,0.25,8760,0,100.0
"/FOSTER LAKE AT FOSTER, OR/14186600/ELEV-FOREBAY//1HOUR/USGS/",2025-10-01 00:00,2026-09-30 23:20,0 days 00:15:00,0.25,8760,0,100.0
"/FERN RIDGE LAKE NEAR ELMIRA, OR/14168000/ELEV-FOREBAY//1HOUR/USGS/",2025-10-01 00:00,2026-09-30 23:20,0 days 00:15:00,0.25,8760,0,100.0
//FAL/ELEV-FOREBAY//1HOUR/CWMS-QAQC/,2025-10-01 00:00,2026-09-30 23:15,0 days 00:15:00,0.25,8760,0,100.0
//FAL/FLOW-OUT//1HOUR/CWMS-QAQC/,2025-10-01 00:00,2026-09-30 23:00,0 days 00:15:00,0.25,8760,0,100.0
"/DEXTER LAKE AT DEXTER, OR/14149500/ELEV-FOREBAY//1HOUR/USGS/",2025-10-01 00:00,2026-09-30 23:15,0 days 00:15:00,0.25,8760,0,100.0
//COT/FLOW-OUT//1HOUR/CWMS-QAQC/,2025-12-21 08:05,2026-09-30 23:15,0 days 00:15:00,0.25,8760,1952,77.72
"/NORTH SANTIAM RIVER AT MEHAMA, OR/14183000/FLOW//1HOUR/USGS/",2025-10-01 00:00,2026-09-30 23:20,0 days 00:15:00,0.25,8760,0,100.0
//DOR/FLOW-OUT//1HOUR/CWMS-QAQC/,2025-10-01 00:00,2026-09-30 23:15,0 days 00:15:00,0.25,8760,0,100.0
"/BLUE RIVER LAKE NEAR BLUE RIVER, OR/14162100/ELEV-FOREBAY//1HOUR/USGS/",2025-10-01 00:00,2026-09-30 23:15,0 days 00:15:00,0.25,8760,0,100.0
//BLU/ELEV-FOREBAY//1HOUR/CWMS-QAQC/,2025-10-01 00:00,2026-09-30 23:15,0 days 00:15:00,0.25,8760,0,100.0
//FRN/ELEV-FOREBAY//1HOUR/CWMS-QAQC/,2025-10-01 00:00,2026-09-30 23:15,0 days 00:15:00,0.25,8760,0,100.0
//FRN/FLOW-OUT//1HOUR/CWMS-QAQC/,2025-10-01 00:00,2026-09-25 13:45,0 days 00:15:00,0.25,8760,130,98.52
//BCL/FLOW-OUT//1HOUR/CWMS-QAQC/,2025-10-01 00:00,2026-09-30 23:15,0 days 00:15:00,0.25,8760,0,100.0
"/TUALATIN RIVER NEAR DILLEY, OR/14203500/FLOW//1HOUR/USGS/",2025-10-01 00:00,2026-09-30 23:20,0 days 00:15:00,0.25,8760,0,100.0
"/FALL CREEK BLW WINBERRY CREEK, NEAR FALL CREEK, OR/14151000/FLOW//1HOUR/USGS/",2025-10-01 00:00,2026-09-30 23:20,0 days 00:15:00,0.25,8760,0,100.0
"/LONG TOM RIVER AT MONROE, OR/14170000/FLOW//1HOUR/USGS/",2025-10-01 00:00,2026-09-30 23:20,0 days 00:15:00,0.25,8760,0,100.0
"/BIG CLIFF LAKE NEAR NIAGARA, OR/14181400/ELEV-FOREBAY//1HOUR/USGS/",2025-10-01 00:00,2026-09-30 23:20,0 days 00:15:00,0.25,8760,0,100.0
