Project,Parameter,Rank,Download_Key,Latest Time,Chosen,Note
HCR,ELEV,1,HCR.Elev-Forebay.Inst.1Hour.0.CBT-REV,2026-09-30 20:00:00+00:00,True,
HCR,ELEV,2,HCR.Elev-Forebay.Inst.0.0.MIXED-REV,2026-09-30 21:30:00+00:00,False,
HCR,ELEV,3,HCR.Elev-Forebay.Inst.~6Hours.0.RFC-FCST,2026-10-10 12:00:00+00:00,False,
HCR,ELEV,4,HCR.Elev-Forebay.Inst.~6Hours.0.RFC-VERSIONED-FCST,,False,
HCR,ELEV,5,HCR.Elev-Forebay.Inst.1Hour.0.CBT-RAW,2026-09-30 20:00:00+00:00,False,
HCR,ELEV,6,HCR.Elev-Forebay.Inst.15Minutes.0.IRIDIUM-SubSample-RAW,2026-09-30 21:30:00+00:00,False,
HCR,ELEV,7,HCR.Elev-Forebay.Inst.0.0.GOES-RAW,2026-09-30 21:15:00+00:00,False,
HCR,ELEV,8,HCR.Elev-Forebay.Inst.0.0.IRIDIUM-RAW,2026-09-30 21:00:00+00:00,False,
HCR,ELEV,9,HCR.Elev-Forebay.Inst.0.0.USGS-RAW,2026-09-30 20:00:00+00:00,False,
HCR,ELEV,10,HCR.Elev-Forebay.Inst.0.0.GDACS-RAW,2022-09-23 16:00:00+00:00,False,
HCR,ELEV,11,HCR.Elev-Forebay.Inst.0.0.NWPRADIO-RAW,2021-07-29 11:00:00+00:00,False,
HCR,FLOW,1,HCR.Flow-Out.Ave.1Hour.1Hour.CBT-REV,2026-09-30 20:00:00+00:00,True,
HCR,FLOW,2,HCR.Flow-Out.Inst.0.0.MIXED-COMPUTED-REV,2026-09-30 21:30:00+00:00,False,
HCR,FLOW,3,HCR.Flow-Out.Inst.0.0.MIXED-REV,2026-09-30 20:00:00+00:00,False,
HCR,FLOW,4,HCR.Flow-Out.Inst.~6Hours.0.RFC-FCST,2026-10-10 12:00:00+00:00,False,
HCR,FLOW,5,HCR.Flow-Out.Ave.1Hour.1Hour.CBT-RAW,2026-09-30 20:00:00+00:00,False,
LOP,ELEV,1,LOP.Elev-Forebay.Inst.1Hour.0.CBT-REV,2026-09-30 20:00:00+00:00,True,
LOP,ELEV,2,LOP.Elev-Forebay.Inst.0.0.MIXED-REV,2026-09-30 21:15:00+00:00,False,
LOP,ELEV,3,LOP.Elev-Forebay.Inst.~6Hours.0.RFC-FCST,2026-10-10 12:00:00+00:00,False,
LOP,ELEV,4,LOP.Elev-Forebay.Inst.1Hour.0.CBT-RAW,2026-09-30 20:00:00+00:00,False,
LOP,ELEV,5,LOP.Elev-Forebay.Inst.15Minutes.0.IRIDIUM-SubSample-RAW,2026-09-30 21:15:00+00:00,False,
LOP,ELEV,6,LOP.Elev-Forebay.Inst.0.0.GOES-RAW,2026-09-30 21:15:00+00:00,False,
LOP,ELEV,7,LOP.Elev-Forebay.Inst.0.0.IRIDIUM-RAW,2026-09-30 21:20:00+00:00,False,
LOP,ELEV,8,LOP.Elev-Forebay.Inst.0.0.USGS-RAW,2026-09-30 21:00:00+00:00,False,
LOP,ELEV,9,LOP.Elev-Forebay.Inst.6Hours.0.CBT-REV-DoNotUse,2006-02-23 12:00:00+00:00,False,
LOP,ELEV,10,LOP.Elev-Forebay.Inst.6Hours.0.RFC-FCST,2014-01-29 12:00:00+00:00,False,
LOP,ELEV,11,LOP.Elev-Forebay.Inst.~6Hours.0.RFC-VERSIONED-FCST,2025-06-21 12:00:00+00:00,False,
LOP,ELEV,12,LOP.Elev-Forebay.Inst.0.0.GDACS-RAW,2022-09-23 16:00:00+00:00,False,
LOP,ELEV,13,LOP.Elev-Forebay.Inst.0.0.NWPRADIO-RAW,2021-07-29 11:00:00+00:00,False,
LOP,FLOW,1,LOP.Flow-Out.Ave.1Hour.1Hour.CBT-REV,2026-09-30 20:00:00+00:00,False,RequiredRecordsDict already has this parameter
LOP,FLOW,2,LOP.Flow-Out.Inst.0.0.MIXED-REV,2026-09-30 20:00:00+00:00,False,RequiredRecordsDict already has this parameter
LOP,FLOW,3,LOP.Flow-Out.Ave.1Hour.1Hour.CBT-RAW,2026-09-30 20:00:00+00:00,False,RequiredRecordsDict already has this parameter
LOP,FLOW,4,LOP.Flow-Out.Inst.0.0.MIXED-COMPUTED-REV,2020-09-17 21:00:00+00:00,False,RequiredRecordsDict already has this parameter
LOP,FLOW,5,LOP.Flow-Out.Inst.6Hours.0.RFC-FCST,2014-01-29 12:00:00+00:00,False,RequiredRecordsDict already has this parameter
LOP,FLOW,6,LOP.Flow-Out.Inst.~6Hours.0.RFC-FCST,2020-09-17 12:00:00+00:00,False,RequiredRecordsDict already has this parameter
DEX,ELEV,1,DEX.Elev-Forebay.Inst.1Hour.0.CBT-REV,2026-09-30 20:00:00+00:00,True,
DEX,ELEV,2,DEX.Elev-Forebay.Inst.0.0.MIXED-REV,2026-09-30 21:30:00+00:00,False,
DEX,ELEV,3,DEX.Elev-Forebay.Inst.1Hour.0.CBT-RAW,2026-09-30 20:00:00+00:00,False,
DEX,ELEV,4,DEX.Elev-Forebay.Inst.15Minutes.0.IRIDIUM-SubSample-RAW,2026-09-30 21:30:00+00:00,False,
DEX,ELEV,5,DEX.Elev-Forebay.Inst.0.0.GOES-RAW,2026-09-30 21:15:00+00:00,False,
DEX,ELEV,6,DEX.Elev-Forebay.Inst.0.0.IRIDIUM-RAW,2026-09-30 21:30:00+00:00,False,
DEX,ELEV,7,DEX.Elev-Forebay.Inst.0.0.USGS-RAW,2026-09-30 21:00:00+00:00,False,
DEX,ELEV,8,DEX.Elev-Forebay.Inst.0.0.GDACS-RAW,2022-09-23 16:00:00+00:00,False,
DEX,ELEV,9,DEX.Elev-Forebay.Inst.0.0.NWPRADIO-RAW,2021-07-29 11:00:00+00:00,False,
DEX,FLOW,1,DEX.Flow-Out.Ave.1Hour.1Hour.CBT-REV,2026-09-30 20:00:00+00:00,False,
DEX,FLOW,2,DEX.Flow-Out.Inst.0.0.MIXED-COMPUTED-REV,2026-09-30 21:30:00+00:00,True,
DEX,FLOW,3,DEX.Flow-Out.Inst.0.0.MIXED-REV,2026-09-30 20:00:00+00:00,False,
DEX,FLOW,4,DEX.Flow-Out.Inst.~6Hours.0.RFC-FCST,2026-10-10 12:00:00+00:00,False,
DEX,FLOW,5,DEX.Flow-Out.Ave.1Hour.1Hour.CBT-RAW,2026-09-30 20:00:00+00:00,False,
FAL,ELEV,1,FAL.Elev-Forebay.Inst.0.0.MIXED-REV,2026-09-30 21:30:00+00:00,True,
FAL,ELEV,2,FAL.Elev-Forebay.Inst.~6Hours.0.RFC-FCST,2026-10-10 12:00:00+00:00,False,
FAL,ELEV,3,FAL.Elev-Forebay.Inst.~6Hours.0.RFC-VERSIONED-FCST,,False,
FAL,ELEV,4,FAL.Elev-Forebay.Inst.15Minutes.0.IRIDIUM-SubSample-RAW,2026-09-30 21:30:00+00:00,False,
FAL,ELEV,5,FAL.Elev-Forebay.Inst.0.0.GDACS-RAW,2026-09-30 20:25:00+00:00,False,
FAL,ELEV,6,FAL.Elev-Forebay.Inst.0.0.GOES-RAW,2026-09-30 21:15:00+00:00,False,
FAL,ELEV,7,FAL.Elev-Forebay.Inst.0.0.IRIDIUM-RAW,2026-09-30 21:40:00+00:00,False,
FAL,ELEV,8,FAL.Elev-Forebay.Inst.0.0.USGS-RAW,2026-09-30 20:00:00+00:00,False,
FAL,ELEV,9,FAL.Elev-Forebay.Inst.1Hour.0.CDB-CBT-RAW,2011-12-09 15:00:00+00:00,False,
FAL,ELEV,10,FAL.Elev-Forebay.Inst.0.0.NWPRADIO-RAW,2021-07-29 11:00:00+00:00,False,
FAL,FLOW,1,FAL.Flow-Out.Inst.0.0.MIXED-COMPUTED-REV,2026-09-30 21:30:00+00:00,True,
FAL,FLOW,2,FAL.Flow-Out.Inst.~6Hours.0.RFC-FCST,2026-10-10 12:00:00+00:00,False,
COT,ELEV,1,COT.Elev-Forebay.Inst.0.0.MIXED-REV,2026-09-30 21:30:00+00:00,True,
COT,ELEV,2,COT.Elev-Forebay.Inst.~6Hours.0.RFC-FCST,2026-10-10 12:00:00+00:00,False,
COT,ELEV,3,COT.Elev-Forebay.Inst.15Minutes.0.IRIDIUM-SubSample-RAW,2026-09-30 21:30:00+00:00,False,
COT,ELEV,4,COT.Elev-Forebay.Inst.0.0.GOES-RAW,2026-09-30 21:15:00+00:00,False,
COT,ELEV,5,COT.Elev-Forebay.Inst.0.0.IRIDIUM-RAW,2026-09-30 21:40:00+00:00,False,
COT,ELEV,6,COT.Elev-Forebay.Inst.0.0.USGS-RAW,2026-09-30 20:00:00+00:00,False,
COT,ELEV,7,COT.Elev-Forebay.Inst.~6Hours.0.RFC-VERSIONED-FCST,2025-06-16 12:00:00+00:00,False,
COT,ELEV,8,COT.Elev-Forebay.Inst.0.0.NWPRADIO-RAW,2021-07-28 23:00:00+00:00,False,
COT,FLOW,1,COT.Flow-Out.Inst.0.0.MIXED-COMPUTED-REV,2026-09-30 21:30:00+00:00,True,
COT,FLOW,2,COT.Flow-Out.Inst.~6Hours.0.RFC-FCST,2026-10-10 12:00:00+00:00,False,
DOR,ELEV,1,DOR.Elev-Forebay.Inst.0.0.MIXED-REV,2026-09-30 21:30:00+00:00,True,
DOR,ELEV,2,DOR.Elev-Forebay.Inst.~6Hours.0.RFC-FCST,2026-10-10 12:00:00+00:00,False,
DOR,ELEV,3,DOR.Elev-Forebay.Inst.15Minutes.0.IRIDIUM-SubSample-RAW,2026-09-30 21:30:00+00:00,False,
DOR,ELEV,4,DOR.Elev-Forebay.Inst.0.0.GOES-RAW,2026-09-30 21:15:00+00:00,False,
DOR,ELEV,5,DOR.Elev-Forebay.Inst.0.0.IRIDIUM-RAW,2026-09-30 21:00:00+00:00,False,
DOR,ELEV,6,DOR.Elev-Forebay.Inst.0.0.USGS-RAW,2026-09-30 21:00:00+00:00,False,
DOR,ELEV,7,DOR.Elev-Forebay.Inst.~6Hours.0.RFC-VERSIONED-FCST,2025-06-18 12:00:00+00:00,False,
DOR,ELEV,8,DOR.Elev-Forebay.Inst.0.0.NWPRADIO-RAW,2021-07-29 11:00:00+00:00,False,
DOR,FLOW,1,DOR.Flow-Out.Inst.0.0.MIXED-COMPUTED-REV,2026-09-30 21:15:00+00:00,True,
DOR,FLOW,2,DOR.Flow-Out.Inst.~6Hours.0.RFC-FCST,2026-10-10 12:00:00+00:00,False,
CGR,ELEV,1,CGR.Elev-Forebay.Inst.1Hour.0.CBT-REV,2026-09-30 20:00:00+00:00,True,
CGR,ELEV,2,CGR.Elev-Forebay.Inst.0.0.MIXED-REV,2026-09-30 21:30:00+00:00,False,
CGR,ELEV,3,CGR.Elev-Forebay.Inst.~6Hours.0.RFC-FCST,2026-10-10 12:00:00+00:00,False,
CGR,ELEV,4,CGR.Elev-Forebay.Inst.1Hour.0.CBT-RAW,2026-09-30 20:00:00+00:00,False,
CGR,ELEV,5,CGR.Elev-Forebay.Inst.15Minutes.0.IRIDIUM-SubSample-RAW,2026-09-30 21:30:00+00:00,False,
CGR,ELEV,6,CGR.Elev-Forebay.Inst.0.0.GDACS-RAW,2026-09-30 20:25:00+00:00,False,
CGR,ELEV,7,CGR.Elev-Forebay.Inst.0.0.GOES-RAW,2026-09-30 21:15:00+00:00,False,
CGR,ELEV,8,CGR.Elev-Forebay.Inst.0.0.IRIDIUM-RAW,2026-09-30 21:30:00+00:00,False,
CGR,ELEV,9,CGR.Elev-Forebay.Inst.0.0.USGS-RAW,2026-09-30 21:00:00+00:00,False,
CGR,ELEV,10,CGR.Elev-Forebay.Inst.6Hours.0.CBT-REV-DoNotUse,2006-02-23 12:00:00+00:00,False,
CGR,ELEV,11,CGR.Elev-Forebay.Inst.~6Hours.0.RFC-VERSIONED-FCST,2025-06-18 12:00:00+00:00,False,
CGR,ELEV,12,CGR.Elev-Forebay.Inst.0.0.NWPRADIO-RAW,2021-07-29 11:00:00+00:00,False,
CGR,FLOW,1,CGR.Flow-Out.Ave.1Hour.1Hour.CBT-REV,2026-09-30 20:00:00+00:00,True,
CGR,FLOW,2,CGR.Flow-Out.Inst.0.0.MIXED-COMPUTED-REV,2026-09-30 21:30:00+00:00,False,
CGR,FLOW,3,CGR.Flow-Out.Inst.0.0.MIXED-REV,2026-09-30 20:00:00+00:00,False,
CGR,FLOW,4,CGR.Flow-Out.Inst.~6Hours.0.RFC-FCST,2026-10-10 12:00:00+00:00,False,
CGR,FLOW,5,CGR.Flow-Out.Ave.1Hour.1Hour.CBT-RAW,2026-09-30 20:00:00+00:00,False,
CGR,FLOW,6,CGR.Flow-Out.Inst.0.0.CENWP-ManualComputed-Rev,2020-10-05 20:30:00+00:00,False,
BLU,ELEV,1,BLU.Elev-Forebay.Inst.0.0.MIXED-REV,2026-09-30 21:30:00+00:00,True,
BLU,ELEV,2,BLU.Elev-Forebay.Inst.~6Hours.0.RFC-FCST,2026-10-10 12:00:00+00:00,False,
BLU,ELEV,3,BLU.Elev-Forebay.Inst.~6Hours.0.RFC-VERSIONED-FCST,,False,
BLU,ELEV,4,BLU.Elev-Forebay.Inst.15Minutes.0.IRIDIUM-SubSample-RAW,2026-09-30 21:30:00+00:00,False,
BLU,ELEV,5,BLU.Elev-Forebay.Inst.0.0.GOES-RAW,2026-09-30 21:15:00+00:00,False,
BLU,ELEV,6,BLU.Elev-Forebay.Inst.0.0.IRIDIUM-RAW,2026-09-30 21:20:00+00:00,False,
BLU,ELEV,7,BLU.Elev-Forebay.Inst.0.0.USGS-RAW,2026-09-30 21:00:00+00:00,False,
BLU,ELEV,8,BLU.Elev-Forebay.Inst.0.0.NWPRADIO-RAW,2021-07-29 11:00:00+00:00,False,
BLU,FLOW,1,BLU.Flow-Out.Inst.0.0.MIXED-COMPUTED-REV,2026-09-30 21:30:00+00:00,True,
BLU,FLOW,2,BLU.Flow-Out.Inst.~6Hours.0.RFC-FCST,2026-10-10 12:00:00+00:00,False,
BLU,FLOW,3,BLU.Flow-Out.Inst.0.0.CENWP-ManualComputed-Rev,2020-09-18 02:00:00+00:00,False,
FRN,ELEV,1,FRN.Elev-Forebay.Inst.0.0.MIXED-REV,2026-09-30 21:30:00+00:00,True,
FRN,ELEV,2,FRN.Elev-Forebay.Inst.~6Hours.0.RFC-FCST,2026-10-10 12:00:00+00:00,False,
FRN,ELEV,3,FRN.Elev-Forebay.Inst.15Minutes.0.IRIDIUM-SubSample-RAW,2026-09-30 21:30:00+00:00,False,
FRN,ELEV,4,FRN.Elev-Forebay.Inst.0.0.GOES-RAW,2026-09-30 21:15:00+00:00,False,
FRN,ELEV,5,FRN.Elev-Forebay.Inst.0.0.IRIDIUM-RAW,2026-09-30 21:30:00+00:00,False,
FRN,ELEV,6,FRN.Elev-Forebay.Inst.0.0.USGS-RAW,2026-09-30 21:00:00+00:00,False,
FRN,ELEV,7,FRN.Elev-Forebay.Inst.0.0.MIXED-REV_Duplicate,2025-03-11 18:00:00+00:00,False,
FRN,ELEV,8,FRN.Elev-Forebay.Inst.1Hour.0.Whatever,2004-02-01 07:00:00+00:00,False,
FRN,ELEV,9,FRN.Elev-Forebay.Inst.15Minutes.0.Whatever,2025-01-01 08:00:00+00:00,False,
FRN,ELEV,10,FRN.Elev-Forebay.Inst.~6Hours.0.RFC-VERSIONED-FCST,2025-06-21 12:00:00+00:00,False,
FRN,ELEV,11,FRN.Elev-Forebay.Inst.0.0.NWPRADIO-RAW,2021-06-29 17:00:00+00:00,False,
FRN,FLOW,1,FRN.Flow-Out.Inst.0.0.MIXED-COMPUTED-REV,2026-09-25 13:45:00+00:00,True,
FRN,FLOW,2,FRN.Flow-Out.Inst.~6Hours.0.RFC-FCST,2026-10-10 12:00:00+00:00,False,
GPR,ELEV,1,GPR.Elev-Forebay.Inst.1Hour.0.CBT-REV,2026-09-30 21:00:00+00:00,True,
GPR,ELEV,2,GPR.Elev-Forebay.Inst.0.0.MIXED-REV,2026-09-30 21:30:00+00:00,False,
GPR,ELEV,3,GPR.Elev-Forebay.Inst.~6Hours.0.RFC-FCST,2026-10-10 12:00:00+00:00,False,
GPR,ELEV,4,GPR.Elev-Forebay.Inst.1Hour.0.CBT-RAW,2026-09-30 21:00:00+00:00,False,
GPR,ELEV,5,GPR.Elev-Forebay.Inst.15Minutes.0.IRIDIUM-SubSample-RAW,2026-09-30 21:30:00+00:00,False,
GPR,ELEV,6,GPR.Elev-Forebay.Inst.0.0.GDACS-RAW,2026-09-30 20:30:00+00:00,False,
GPR,ELEV,7,GPR.Elev-Forebay.Inst.0.0.GOES-RAW,2026-09-30 21:15:00+00:00,False,
GPR,ELEV,8,GPR.Elev-Forebay.Inst.0.0.IRIDIUM-RAW,2026-09-30 21:30:00+00:00,False,
GPR,ELEV,9,GPR.Elev-Forebay.Inst.0.0.USGS-RAW,2026-09-30 20:00:00+00:00,False,
GPR,ELEV,10,GPR.Elev-Forebay.Inst.15Minutes.0.GOES-REV-DoNotUse,2012-05-31 13:15:00+00:00,False,
GPR,ELEV,11,GPR.Elev-Forebay.Inst.~6Hours.0.RFC-VERSIONED-FCST,2025-06-16 12:00:00+00:00,False,
GPR,ELEV,12,GPR.Elev-Forebay.Inst.15Minutes.0.GOES-RAW-DoNotUse,2012-05-31 13:15:00+00:00,False,
GPR,ELEV,13,GPR.Elev-Forebay.Inst.0.0.NWPRADIO-RAW,2021-01-16 23:00:00+00:00,False,
GPR,FLOW,1,GPR.Flow-Out.Ave.1Hour.1Hour.CBT-REV,2026-09-30 21:00:00+00:00,False,RequiredRecordsDict already has this parameter
GPR,FLOW,2,GPR.Flow-Out.Inst.0.0.MIXED-REV,2026-09-30 21:00:00+00:00,False,RequiredRecordsDict already has this parameter
GPR,FLOW,3,GPR.Flow-Out.Inst.~6Hours.0.RFC-FCST,2026-10-10 12:00:00+00:00,False,RequiredRecordsDict already has this parameter
GPR,FLOW,4,GPR.Flow-Out.Ave.1Hour.1Hour.CBT-RAW,2026-09-30 21:00:00+00:00,False,RequiredRecordsDict already has this parameter
GPR,FLOW,5,GPR.Flow-Out.Inst.0.0.MIXED-COMPUTED-REV,2020-09-17 22:00:00+00:00,False,RequiredRecordsDict already has this parameter
FOS,ELEV,1,FOS.Elev-Forebay.Inst.1Hour.0.CBT-REV,2026-09-30 21:00:00+00:00,True,
FOS,ELEV,2,FOS.Elev-Forebay.Inst.0.0.MIXED-REV,2026-09-30 21:30:00+00:00,False,
FOS,ELEV,3,FOS.Elev-Forebay.Inst.~6Hours.0.RFC-FCST,2026-10-10 12:00:00+00:00,False,
FOS,ELEV,4,FOS.Elev-Forebay.Inst.~6Hours.0.RFC-VERSIONED-FCST,2026-08-23 12:00:00+00:00,False,
FOS,ELEV,5,FOS.Elev-Forebay.Inst.1Hour.0.CBT-RAW,2026-09-30 21:00:00+00:00,False,
FOS,ELEV,6,FOS.Elev-Forebay.Inst.15Minutes.0.IRIDIUM-SubSample-RAW,2026-09-30 21:15:00+00:00,False,
FOS,ELEV,7,FOS.Elev-Forebay.Inst.0.0.GDACS-RAW,2026-09-30 20:30:00+00:00,False,
FOS,ELEV,8,FOS.Elev-Forebay.Inst.0.0.GOES-RAW,2026-09-30 21:15:00+00:00,False,
FOS,ELEV,9,FOS.Elev-Forebay.Inst.0.0.IRIDIUM-RAW,2026-09-30 21:20:00+00:00,False,
FOS,ELEV,10,FOS.Elev-Forebay.Inst.0.0.USGS-RAW,2026-09-30 20:00:00+00:00,False,
FOS,ELEV,11,FOS.Elev-Forebay.Inst.15Minutes.0.GOES-REV-DoNotUse,2012-06-01 16:15:00+00:00,False,
FOS,ELEV,12,FOS.Elev-Forebay.Inst.6Hours.0.CBT-REV-DoNotUse,2006-02-23 12:00:00+00:00,False,
FOS,ELEV,13,FOS.Elev-Forebay.Inst.15Minutes.0.GOES-RAW-DoNotUse,2012-05-31 13:15:00+00:00,False,
FOS,ELEV,14,FOS.Elev-Forebay.Inst.0.0.NWPRADIO-RAW,2021-01-16 23:00:00+00:00,False,
FOS,FLOW,1,FOS.Flow-Out.Ave.1Hour.1Hour.CBT-REV,2026-09-30 21:00:00+00:00,False,RequiredRecordsDict already has this parameter
FOS,FLOW,2,FOS.Flow-Out.Inst.0.0.MIXED-COMPUTED-REV,2026-09-30 21:30:00+00:00,False,RequiredRecordsDict already has this parameter
FOS,FLOW,3,FOS.Flow-Out.Inst.0.0.MIXED-REV,2026-09-30 21:00:00+00:00,False,RequiredRecordsDict already has this parameter
FOS,FLOW,4,FOS.Flow-Out.Inst.~6Hours.0.RFC-FCST,2026-10-10 12:00:00+00:00,False,RequiredRecordsDict already has this parameter
FOS,FLOW,5,FOS.Flow-Out.Ave.1Hour.1Hour.CBT-RAW,2026-09-30 21:00:00+00:00,False,RequiredRecordsDict already has this parameter
FOS,FLOW,6,FOS.Flow-Out.Inst.~6Hours.0.RFC-VERSIONED-FCST,2025-06-21 12:00:00+00:00,False,RequiredRecordsDict already has this parameter
DET,ELEV,1,DET.Elev-Forebay.Inst.1Hour.0.CBT-REV,2026-09-30 21:00:00+00:00,True,
DET,ELEV,2,DET.Elev-Forebay.Inst.0.0.MIXED-REV,2026-09-30 21:30:00+00:00,False,
DET,ELEV,3,DET.Elev-Forebay.Inst.~6Hours.0.RFC-FCST,2026-10-10 12:00:00+00:00,False,
DET,ELEV,4,DET.Elev-Forebay.Inst.1Hour.0.CBT-RAW,2026-09-30 21:00:00+00:00,False,
DET,ELEV,5,DET.Elev-Forebay.Inst.15Minutes.0.IRIDIUM-SubSample-RAW,2026-09-30 21:30:00+00:00,False,
DET,ELEV,6,DET.Elev-Forebay.Inst.0.0.GDACS-RAW,2026-09-30 20:30:00+00:00,False,
DET,ELEV,7,DET.Elev-Forebay.Inst.0.0.GOES-RAW,2026-09-30 21:15:00+00:00,False,
DET,ELEV,8,DET.Elev-Forebay.Inst.0.0.IRIDIUM-RAW,2026-09-30 21:30:00+00:00,False,
DET,ELEV,9,DET.Elev-Forebay.Inst.0.0.USGS-RAW,2026-09-30 21:00:00+00:00,False,
DET,ELEV,10,DET.Elev-Forebay.Inst.6Hours.0.CBT-REV-DoNotUse,2006-02-23 12:00:00+00:00,False,
DET,ELEV,11,DET.Elev-Forebay.Inst.~6Hours.0.RFC-VERSIONED-FCST,2025-02-12 12:00:00+00:00,False,
DET,ELEV,12,DET.Elev-Forebay.Inst.0.0.NWPRADIO-RAW,2021-04-21 05:30:00+00:00,False,
DET,FLOW,1,DET.Flow-Out.Ave.1Hour.1Hour.CBT-REV,2026-09-30 21:00:00+00:00,False,RequiredRecordsDict already has this parameter
DET,FLOW,2,DET.Flow-Out.Inst.0.0.MIXED-REV,2026-09-30 21:00:00+00:00,False,RequiredRecordsDict already has this parameter
DET,FLOW,3,DET.Flow-Out.Ave.1Hour.1Hour.CBT-RAW,2026-09-30 21:00:00+00:00,False,RequiredRecordsDict already has this parameter
DET,FLOW,4,DET.Flow-Out.Inst.~6Hours.0.RFC-FCST,2020-09-17 12:00:00+00:00,False,RequiredRecordsDict already has this parameter
BCL,ELEV,1,BCL.Elev-Forebay.Inst.1Hour.0.CBT-REV,2026-09-30 21:00:00+00:00,True,
BCL,ELEV,2,BCL.Elev-Forebay.Inst.0.0.MIXED-REV,2026-09-30 21:15:00+00:00,False,
BCL,ELEV,3,BCL.Elev-Forebay.Inst.1Hour.0.CBT-RAW,2026-09-30 21:00:00+00:00,False,
BCL,ELEV,4,BCL.Elev-Forebay.Inst.15Minutes.0.IRIDIUM-SubSample-RAW,2026-09-30 21:15:00+00:00,False,
BCL,ELEV,5,BCL.Elev-Forebay.Inst.0.0.GDACS-RAW,2026-09-30 20:30:00+00:00,False,
BCL,ELEV,6,BCL.Elev-Forebay.Inst.0.0.GOES-RAW,2026-09-30 21:15:00+00:00,False,
BCL,ELEV,7,BCL.Elev-Forebay.Inst.0.0.IRIDIUM-RAW,2026-09-30 21:00:00+00:00,False,
BCL,ELEV,8,BCL.Elev-Forebay.Inst.0.0.USGS-RAW,2026-09-30 21:00:00+00:00,False,
BCL,ELEV,9,BCL.Elev-Forebay.Inst.15Minutes.0.GOES-RAW-DoNotUse,2012-06-02 15:30:00+00:00,False,
BCL,ELEV,10,BCL.Elev-Forebay.Inst.0.0.NWPRADIO-RAW,2021-04-21 05:30:00+00:00,False,
BCL,FLOW,1,BCL.Flow-Out.Ave.1Hour.1Hour.CBT-REV,2026-09-30 21:00:00+00:00,False,
BCL,FLOW,2,BCL.Flow-Out.Inst.0.0.MIXED-COMPUTED-REV,2026-09-30 21:30:00+00:00,True,
BCL,FLOW,3,BCL.Flow-Out.Inst.0.0.MIXED-REV,2026-09-30 21:00:00+00:00,False,
BCL,FLOW,4,BCL.Flow-Out.Inst.~6Hours.0.RFC-FCST,2026-10-10 12:00:00+00:00,False,
BCL,FLOW,5,BCL.Flow-Out.Ave.1Hour.1Hour.CBT-RAW,2026-09-30 21:00:00+00:00,False,
