obsData.dss record,Hours filled by interpolation
//BLU/FLOW-IN//1HOUR/CWMS/,0
//CGR/FLOW-IN//1HOUR/CWMS/,0
//COT/FLOW-IN//1HOUR/CWMS/,0
//DET/FLOW-IN//1HOUR/CWMS/,0
//DET/FLOW-OUT//1HOUR/CWMS/,0
//DOR/FLOW-IN//1HOUR/CWMS/,0
//EUGO/FLOW//1HOUR/CWMS/,0
//FAL/FLOW-IN//1HOUR/CWMS/,0
//FOS/FLOW-IN//1HOUR/CWMS/,0
//FOS/FLOW-OUT//1HOUR/CWMS/,0
//FRN/FLOW-IN//1HOUR/CWMS/,0
//GPR/FLOW-IN//1HOUR/CWMS/,0
//GPR/FLOW-OUT//1HOUR/CWMS/,0
//HCR/FLOW-IN//1HOUR/CWMS/,0
//LOP/FLOW-IN//1HOUR/CWMS/,0
//LOP/FLOW-OUT//1HOUR/CWMS/,0
"/BIG CLIFF LAKE NEAR NIAGARA, OR/14181400/ELEV-FOREBAY//1HOUR/USGS/",0
"/BLUE RIVER AT BLUE RIVER, OR/14162200/FLOW//1HOUR/USGS/",0
"/BLUE RIVER LAKE NEAR BLUE RIVER, OR/14162100/ELEV-FOREBAY//1HOUR/USGS/",0
"/CLACKAMAS RIVER NEAR OREGON CITY, OR/14211010/FLOW//1HOUR/USGS/",0
"/COAST FORK WILLAMETTE R BLW COTTAGE GROVE DAM, OR/14153500/FLOW//1HOUR/USGS/",0
"/COAST FORK WILLAMETTE RIVER NEAR GOSHEN, OR/14157500/FLOW//1HOUR/USGS/",0
"/COTTAGE GROVE LAKE NR COTTAGE GROVE, OR/14153000/ELEV-FOREBAY//1HOUR/USGS/",0
"/COUGAR LAKE NEAR RAINBOW, OR/14159400/ELEV-FOREBAY//1HOUR/USGS/",0
"/DETROIT LAKE NEAR DETROIT, OR/14180500/ELEV-FOREBAY//1HOUR/USGS/",0
"/DEXTER LAKE AT DEXTER, OR/14149500/ELEV-FOREBAY//1HOUR/USGS/",0
"/DORENA LAKE NEAR COTTAGE GROVE, OR/14155000/ELEV-FOREBAY//1HOUR/USGS/",0
"/FALL CREEK BLW WINBERRY CREEK, NEAR FALL CREEK, OR/14151000/FLOW//1HOUR/USGS/",0
"/FALL CREEK LAKE NEAR LOWELL, OR/14150900/ELEV-FOREBAY//1HOUR/USGS/",0
"/FERN RIDGE LAKE NEAR ELMIRA, OR/14168000/ELEV-FOREBAY//1HOUR/USGS/",0
"/FOSTER LAKE AT FOSTER, OR/14186600/ELEV-FOREBAY//1HOUR/USGS/",0
"/GREEN PETER LAKE NEAR FOSTER, OR/14186100/ELEV-FOREBAY//1HOUR/USGS/",0
"/HILLS CREEK LAKE NEAR OAKRIDGE, OR/14145100/ELEV-FOREBAY//1HOUR/USGS/",0
"/LONG TOM RIVER AT MONROE, OR/14170000/FLOW//1HOUR/USGS/",0
"/LONG TOM RIVER NEAR ALVADORE, OR/14169000/FLOW//1HOUR/USGS/",0
"/LOOKOUT POINT LAKE NEAR LOWELL, OR/14149000/ELEV-FOREBAY//1HOUR/USGS/",0
"/LUCKIAMUTE RIVER NEAR SUVER, OR/14190500/FLOW//1HOUR/USGS/",0
"/MCKENZIE RIVER NEAR VIDA, OR/14162500/FLOW//1HOUR/USGS/",0
"/MF WILLAMETTE RIVER ABV SALT CRK, NEAR OAKRIDGE,OR/14145500/FLOW//1HOUR/USGS/",0
"/MIDDLE FORK WILLAMETTE RIVER AT JASPER, OR/14152000/FLOW//1HOUR/USGS/",0
"/MIDDLE FORK WILLAMETTE RIVER NEAR DEXTER, OR/14150000/FLOW//1HOUR/USGS/",0
"/MOLALLA RIVER NEAR CANBY, OR/14200000/FLOW//1HOUR/USGS/",0
"/NORTH SANTIAM RIVER AT MEHAMA, OR/14183000/FLOW//1HOUR/USGS/",0
"/NORTH SANTIAM RIVER AT NIAGARA, OR/14181500/FLOW//1HOUR/USGS/",0
"/PUDDING RIVER AT AURORA, OR/14202000/FLOW//1HOUR/USGS/",0
"/ROW RIVER NEAR COTTAGE GROVE, OR/14155500/FLOW//1HOUR/USGS/",0
"/SANTIAM RIVER AT JEFFERSON, OR/14189000/FLOW//1HOUR/USGS/",0
"/SOUTH FORK MCKENZIE RIVER NEAR RAINBOW, OR/14159500/FLOW//1HOUR/USGS/",0
"/SOUTH SANTIAM RIVER AT WATERLOO, OR/14187500/FLOW//1HOUR/USGS/",0
"/SOUTH YAMHILL RIVER AT MCMINNVILLE, OR/14194150/FLOW//1HOUR/USGS/",0
"/TUALATIN RIVER AT WEST LINN, OR/14207500/FLOW//1HOUR/USGS/",0
"/WILLAMETTE RIVER AT ALBANY, OR/14174000/FLOW//1HOUR/USGS/",0
"/WILLAMETTE RIVER AT HARRISBURG, OR/14166000/FLOW//1HOUR/USGS/",0
"/WILLAMETTE RIVER AT NEWBERG, OR/14197900/FLOW//1HOUR/USGS/",0
"/WILLAMETTE RIVER AT SALEM, OR/14191000/FLOW//1HOUR/USGS/",0
