#This file contains instructions on how to compute disaggregated tributary locals,,,,,,,,,,
#A disaggregated local flow is one that depends on other local flows already existing (modified flow points),,,,,,,,,,
#It is formulated as a CSV file so that it can be easily viewed/edited in Excel,,,,,,,,,,
#The output dss file; output fPart; and timestep should be defined by the subroutine that uses this file,,,,,,,,,,
#The headers are briefly explained here:,,,,,,,,,,
#,Command: The script will run through the list of commands. Each block must begin with START and end with WRITE,,,,,,,,,
#,,START,"The timeseries to read in at the beginning and set as ""active""",,,,,,,
#,,ADD,A timeseries to be added to the active TS,,,,,,,
#,,SUBTRACT,A timeseries to be subtracted to the active TS,,,,,,,
#,,MULTIPLY,Multiply the active TS by a constant,,,,,,,
#,,FLOOR,"Caps all values in the time series to the minimum value specified as ""Constant""",,,,,,,
#,,CEILING,"Caps all values in the time series to the maximum value specified as ""Constant""",,,,,,,
#,,SHIFTHRS,"Shifts all values by the number of hours specified as ""Constant"" (positive or negative)",,,,,,,
#,,INDEX,Not functional yet,,,,,,,
#,,MOVE1,Uses the MOVE.1 technique to extend streamflow records based on a nearby gage,,,,,,,
#,,,MOVE.1 technique summary (uses logarithm base 10 of flows):,,,,,,,
#,,,,xData is log10 of flow data of the predictor station during period of concurrent data,,,,,,
#,,,,yData is log10 of flow data of the predicted station during period of concurrent data,,,,,,
#,,,,Eqn: Yhat = Ybar + Sy/Sx(X-Xbar),,,,,,
#,,ROUTE,Routes flow directly from US_JuncName to DS_JuncName (no other locals added in) using ResSim routing parameters defined,,,,,,,
#,,WRITE,The timeseries to be written out (Bpart and Cpart defined),,,,,,,
#,DSS File: the name of the DSS file to read from (in the shared directory),,,,,,,,,
#,"Bpart: the Bpart of the record to be read or written, depending on the command",,,,,,,,,
#,"Cpart: the Cpart of the record to be read or written, depending on the command",,,,,,,,,
#,Constant: a constant (typically used with MULTIPLY to factor the timeseries),,,,,,,,,
#,US_JuncName: only used with ROUTE--the upstream junction to route from as named in ResSim,,,,,,,,,
#,DS_JuncName: only used with ROUTE--the upstream junction to route to as named in ResSim,,,,,,,,,
#,YBarMOVE1: average of the yData (only used in MOVE1),,,,,,,,,
#,XBarMOVE1: average of the xData (only used in MOVE1),,,,,,,,,
#,SlopeMOVE1: Sy/Sx (std dev of y-data divided by std dev of x-data) (only used in MOVE1),,,,,,,,,
#Command,DSS File,Bpart,Cpart,Constant,US_JuncName,DS_JuncName,YBarMOVE1,XBarMOVE1,SlopeMOVE1,Comments
START,obsData.dss,ASTO-SENSOR2,ELEV-TIDE,,,,,,,Tidal boundary condition
ADD,,,,0.22,,,,,,"Datum shift to NAVD88 (gage data is in CRD, need to add 0.22')"
WRITE,,ASTO,ELEV-NAVD88,,,,,,,
