Month,Project,Parameter,Timestep,CWMS_Key,USGS_Key,MAE,Steps_Both,Steps_Outside_Tol
2025-10,BCL,ELEV,HOURLY,BCL.Elev-Forebay.Inst.1Hour.0.CBT-REV,14181400,0.135,744,212
2025-11,BCL,ELEV,HOURLY,BCL.Elev-Forebay.Inst.1Hour.0.CBT-REV,14181400,0.408,720,510
2025-12,BCL,ELEV,HOURLY,BCL.Elev-Forebay.Inst.1Hour.0.CBT-REV,14181400,0.595,744,288
2026-01,BCL,ELEV,HOURLY,BCL.Elev-Forebay.Inst.1Hour.0.CBT-REV,14181400,0.318,744,612
2026-02,BCL,ELEV,HOURLY,BCL.Elev-Forebay.Inst.1Hour.0.CBT-REV,14181400,0.337,672,645
2026-03,BCL,ELEV,HOURLY,BCL.Elev-Forebay.Inst.1Hour.0.CBT-REV,14181400,0.363,742,720
2026-04,BCL,ELEV,HOURLY,BCL.Elev-Forebay.Inst.1Hour.0.CBT-REV,14181400,0.266,720,498
2026-05,BCL,ELEV,HOURLY,BCL.Elev-Forebay.Inst.1Hour.0.CBT-REV,14181400,0.280,744,559
2026-06,BCL,ELEV,HOURLY,BCL.Elev-Forebay.Inst.1Hour.0.CBT-REV,14181400,0.360,719,701
2026-07,BCL,ELEV,HOURLY,BCL.Elev-Forebay.Inst.1Hour.0.CBT-REV,14181400,0.334,743,736
2026-08,BCL,ELEV,HOURLY,BCL.Elev-Forebay.Inst.1Hour.0.CBT-REV,14181400,0.421,742,735
2026-09,BCL,ELEV,HOURLY,BCL.Elev-Forebay.Inst.1Hour.0.CBT-REV,14181400,0.389,718,718
2025-10,BCL,FLOW,HOURLY,BCL.Flow-Out.Inst.0.0.MIXED-COMPUTED-REV,14181500,2.784,744,0
2025-11,BCL,FLOW,HOURLY,BCL.Flow-Out.Inst.0.0.MIXED-COMPUTED-REV,14181500,1.593,720,0
2025-12,BCL,FLOW,HOURLY,BCL.Flow-Out.Inst.0.0.MIXED-COMPUTED-REV,14181500,1.678,744,0
2026-01,BCL,FLOW,HOURLY,BCL.Flow-Out.Inst.0.0.MIXED-COMPUTED-REV,14181500,1.818,744,0
2026-02,BCL,FLOW,HOURLY,BCL.Flow-Out.Inst.0.0.MIXED-COMPUTED-REV,14181500,2.343,672,0
2026-03,BCL,FLOW,HOURLY,BCL.Flow-Out.Inst.0.0.MIXED-COMPUTED-REV,14181500,1.769,744,0
2026-04,BCL,FLOW,HOURLY,BCL.Flow-Out.Inst.0.0.MIXED-COMPUTED-REV,14181500,2.105,720,0
2026-05,BCL,FLOW,HOURLY,BCL.Flow-Out.Inst.0.0.MIXED-COMPUTED-REV,14181500,1.925,744,0
2026-06,BCL,FLOW,HOURLY,BCL.Flow-Out.Inst.0.0.MIXED-COMPUTED-REV,14181500,2.150,720,0
2026-07,BCL,FLOW,HOURLY,BCL.Flow-Out.Inst.0.0.MIXED-COMPUTED-REV,14181500,1.909,744,0
2026-08,BCL,FLOW,HOURLY,BCL.Flow-Out.Inst.0.0.MIXED-COMPUTED-REV,14181500,1.629,744,0
2026-09,BCL,FLOW,HOURLY,BCL.Flow-Out.Inst.0.0.MIXED-COMPUTED-REV,14181500,2.022,718,0
2025-10,BLU,ELEV,HOURLY,BLU.Elev-Forebay.Inst.0.0.MIXED-REV,14162100,0.000,744,0
2025-11,BLU,ELEV,HOURLY,BLU.Elev-Forebay.Inst.0.0.MIXED-REV,14162100,0.000,720,0
2025-12,BLU,ELEV,HOURLY,BLU.Elev-Forebay.Inst.0.0.MIXED-REV,14162100,0.000,744,0
2026-01,BLU,ELEV,HOURLY,BLU.Elev-Forebay.Inst.0.0.MIXED-REV,14162100,0.000,744,0
2026-02,BLU,ELEV,HOURLY,BLU.Elev-Forebay.Inst.0.0.MIXED-REV,14162100,0.000,672,0
2026-03,BLU,ELEV,HOURLY,BLU.Elev-Forebay.Inst.0.0.MIXED-REV,14162100,0.000,744,0
2026-04,BLU,ELEV,HOURLY,BLU.Elev-Forebay.Inst.0.0.MIXED-REV,14162100,0.000,720,0
2026-05,BLU,ELEV,HOURLY,BLU.Elev-Forebay.Inst.0.0.MIXED-REV,14162100,0.000,744,0
2026-06,BLU,ELEV,HOURLY,BLU.Elev-Forebay.Inst.0.0.MIXED-REV,14162100,0.000,720,0
2026-07,BLU,ELEV,HOURLY,BLU.Elev-Forebay.Inst.0.0.MIXED-REV,14162100,0.000,744,0
2026-08,BLU,ELEV,HOURLY,BLU.Elev-Forebay.Inst.0.0.MIXED-REV,14162100,0.000,744,0
2026-09,BLU,ELEV,HOURLY,BLU.Elev-Forebay.Inst.0.0.MIXED-REV,14162100,0.000,718,0
2025-10,BLU,FLOW,HOURLY,BLU.Flow-Out.Inst.0.0.MIXED-COMPUTED-REV,14162200,0.000,744,0
2025-11,BLU,FLOW,HOURLY,BLU.Flow-Out.Inst.0.0.MIXED-COMPUTED-REV,14162200,0.000,719,0
2025-12,BLU,FLOW,HOURLY,BLU.Flow-Out.Inst.0.0.MIXED-COMPUTED-REV,14162200,0.000,744,0
2026-01,BLU,FLOW,HOURLY,BLU.Flow-Out.Inst.0.0.MIXED-COMPUTED-REV,14162200,0.000,744,0
2026-02,BLU,FLOW,HOURLY,BLU.Flow-Out.Inst.0.0.MIXED-COMPUTED-REV,14162200,0.000,672,0
2026-03,BLU,FLOW,HOURLY,BLU.Flow-Out.Inst.0.0.MIXED-COMPUTED-REV,14162200,0.000,744,0
2026-04,BLU,FLOW,HOURLY,BLU.Flow-Out.Inst.0.0.MIXED-COMPUTED-REV,14162200,0.000,720,0
2026-05,BLU,FLOW,HOURLY,BLU.Flow-Out.Inst.0.0.MIXED-COMPUTED-REV,14162200,0.000,744,0
2026-06,BLU,FLOW,HOURLY,BLU.Flow-Out.Inst.0.0.MIXED-COMPUTED-REV,14162200,0.394,720,0
2026-07,BLU,FLOW,HOURLY,BLU.Flow-Out.Inst.0.0.MIXED-COMPUTED-REV,14162200,0.314,744,0
2026-08,BLU,FLOW,HOURLY,BLU.Flow-Out.Inst.0.0.MIXED-COMPUTED-REV,14162200,0.303,744,0
2026-09,BLU,FLOW,HOURLY,BLU.Flow-Out.Inst.0.0.MIXED-COMPUTED-REV,14162200,0.401,718,0
2025-10,CGR,ELEV,HOURLY,CGR.Elev-Forebay.Inst.1Hour.0.CBT-REV,14159400,0.017,744,4
2025-11,CGR,ELEV,HOURLY,CGR.Elev-Forebay.Inst.1Hour.0.CBT-REV,14159400,0.009,719,1
2025-12,CGR,ELEV,HOURLY,CGR.Elev-Forebay.Inst.1Hour.0.CBT-REV,14159400,0.071,744,145
2026-01,CGR,ELEV,HOURLY,CGR.Elev-Forebay.Inst.1Hour.0.CBT-REV,14159400,0.053,744,13
2026-02,CGR,ELEV,HOURLY,CGR.Elev-Forebay.Inst.1Hour.0.CBT-REV,14159400,0.039,672,44
2026-03,CGR,ELEV,HOURLY,CGR.Elev-Forebay.Inst.1Hour.0.CBT-REV,14159400,0.049,742,106
2026-04,CGR,ELEV,HOURLY,CGR.Elev-Forebay.Inst.1Hour.0.CBT-REV,14159400,0.111,720,436
2026-05,CGR,ELEV,HOURLY,CGR.Elev-Forebay.Inst.1Hour.0.CBT-REV,14159400,0.056,744,306
2026-06,CGR,ELEV,HOURLY,CGR.Elev-Forebay.Inst.1Hour.0.CBT-REV,14159400,0.006,717,0
2026-07,CGR,ELEV,HOURLY,CGR.Elev-Forebay.Inst.1Hour.0.CBT-REV,14159400,0.007,742,2
2026-08,CGR,ELEV,HOURLY,CGR.Elev-Forebay.Inst.1Hour.0.CBT-REV,14159400,0.011,743,0
2026-09,CGR,ELEV,HOURLY,CGR.Elev-Forebay.Inst.1Hour.0.CBT-REV,14159400,0.013,717,3
2025-10,CGR,FLOW,HOURLY,CGR.Flow-Out.Ave.1Hour.1Hour.CBT-REV,14159500,4.130,744,5
2025-11,CGR,FLOW,HOURLY,CGR.Flow-Out.Ave.1Hour.1Hour.CBT-REV,14159500,2.356,719,0
2025-12,CGR,FLOW,HOURLY,CGR.Flow-Out.Ave.1Hour.1Hour.CBT-REV,14159500,53.434,744,311
2026-01,CGR,FLOW,HOURLY,CGR.Flow-Out.Ave.1Hour.1Hour.CBT-REV,14159500,91.867,744,686
2026-02,CGR,FLOW,HOURLY,CGR.Flow-Out.Ave.1Hour.1Hour.CBT-REV,14159500,59.528,672,591
2026-03,CGR,FLOW,HOURLY,CGR.Flow-Out.Ave.1Hour.1Hour.CBT-REV,14159500,64.545,742,250
2026-04,CGR,FLOW,HOURLY,CGR.Flow-Out.Ave.1Hour.1Hour.CBT-REV,14159500,44.442,720,60
2026-05,CGR,FLOW,HOURLY,CGR.Flow-Out.Ave.1Hour.1Hour.CBT-REV,14159500,43.022,744,56
2026-06,CGR,FLOW,HOURLY,CGR.Flow-Out.Ave.1Hour.1Hour.CBT-REV,14159500,38.573,717,4
2026-07,CGR,FLOW,HOURLY,CGR.Flow-Out.Ave.1Hour.1Hour.CBT-REV,14159500,38.989,742,12
2026-08,CGR,FLOW,HOURLY,CGR.Flow-Out.Ave.1Hour.1Hour.CBT-REV,14159500,43.007,743,47
2026-09,CGR,FLOW,HOURLY,CGR.Flow-Out.Ave.1Hour.1Hour.CBT-REV,14159500,8.637,717,6
2025-10,COT,ELEV,HOURLY,COT.Elev-Forebay.Inst.0.0.MIXED-REV,14153000,0.000,744,0
2025-11,COT,ELEV,HOURLY,COT.Elev-Forebay.Inst.0.0.MIXED-REV,14153000,0.000,719,0
2025-12,COT,ELEV,HOURLY,COT.Elev-Forebay.Inst.0.0.MIXED-REV,14153000,0.000,744,0
2026-01,COT,ELEV,HOURLY,COT.Elev-Forebay.Inst.0.0.MIXED-REV,14153000,0.000,744,0
2026-02,COT,ELEV,HOURLY,COT.Elev-Forebay.Inst.0.0.MIXED-REV,14153000,0.000,672,0
2026-03,COT,ELEV,HOURLY,COT.Elev-Forebay.Inst.0.0.MIXED-REV,14153000,0.000,744,0
2026-04,COT,ELEV,HOURLY,COT.Elev-Forebay.Inst.0.0.MIXED-REV,14153000,0.000,720,0
2026-05,COT,ELEV,HOURLY,COT.Elev-Forebay.Inst.0.0.MIXED-REV,14153000,0.000,744,0
2026-06,COT,ELEV,HOURLY,COT.Elev-Forebay.Inst.0.0.MIXED-REV,14153000,0.001,720,0
2026-07,COT,ELEV,HOURLY,COT.Elev-Forebay.Inst.0.0.MIXED-REV,14153000,0.003,728,0
2026-08,COT,ELEV,HOURLY,COT.Elev-Forebay.Inst.0.0.MIXED-REV,14153000,0.008,744,0
2026-09,COT,ELEV,HOURLY,COT.Elev-Forebay.Inst.0.0.MIXED-REV,14153000,0.010,718,0
2025-10,COT,FLOW,HOURLY,COT.Flow-Out.Inst.0.0.MIXED-COMPUTED-REV,14153500,,0,0
2025-11,COT,FLOW,HOURLY,COT.Flow-Out.Inst.0.0.MIXED-COMPUTED-REV,14153500,,0,0
2025-12,COT,FLOW,HOURLY,COT.Flow-Out.Inst.0.0.MIXED-COMPUTED-REV,14153500,1.244,256,0
2026-01,COT,FLOW,HOURLY,COT.Flow-Out.Inst.0.0.MIXED-COMPUTED-REV,14153500,0.578,744,0
2026-02,COT,FLOW,HOURLY,COT.Flow-Out.Inst.0.0.MIXED-COMPUTED-REV,14153500,0.271,672,0
2026-03,COT,FLOW,HOURLY,COT.Flow-Out.Inst.0.0.MIXED-COMPUTED-REV,14153500,13.515,744,0
2026-04,COT,FLOW,HOURLY,COT.Flow-Out.Inst.0.0.MIXED-COMPUTED-REV,14153500,13.397,720,0
2026-05,COT,FLOW,HOURLY,COT.Flow-Out.Inst.0.0.MIXED-COMPUTED-REV,14153500,0.033,744,0
2026-06,COT,FLOW,HOURLY,COT.Flow-Out.Inst.0.0.MIXED-COMPUTED-REV,14153500,1.413,720,0
2026-07,COT,FLOW,HOURLY,COT.Flow-Out.Inst.0.0.MIXED-COMPUTED-REV,14153500,0.059,744,0
2026-08,COT,FLOW,HOURLY,COT.Flow-Out.Inst.0.0.MIXED-COMPUTED-REV,14153500,0.054,744,0
2026-09,COT,FLOW,HOURLY,COT.Flow-Out.Inst.0.0.MIXED-COMPUTED-REV,14153500,3.263,718,0
2025-10,DET,ELEV,HOURLY,DET.Elev-Forebay.Inst.1Hour.0.CBT-REV,14180500,0.040,744,1
2025-11,DET,ELEV,HOURLY,DET.Elev-Forebay.Inst.1Hour.0.CBT-REV,14180500,0.100,720,371
2025-12,DET,ELEV,HOURLY,DET.Elev-Forebay.Inst.1Hour.0.CBT-REV,14180500,0.108,744,271
2026-01,DET,ELEV,HOURLY,DET.Elev-Forebay.Inst.1Hour.0.CBT-REV,14180500,0.269,744,602
2026-02,DET,ELEV,HOURLY,DET.Elev-Forebay.Inst.1Hour.0.CBT-REV,14180500,0.257,672,671
2026-03,DET,ELEV,HOURLY,DET.Elev-Forebay.Inst.1Hour.0.CBT-REV,14180500,0.368,742,694
2026-04,DET,ELEV,HOURLY,DET.Elev-Forebay.Inst.1Hour.0.CBT-REV,14180500,0.010,720,1
2026-05,DET,ELEV,HOURLY,DET.Elev-Forebay.Inst.1Hour.0.CBT-REV,14180500,0.013,744,0
2026-06,DET,ELEV,HOURLY,DET.Elev-Forebay.Inst.1Hour.0.CBT-REV,14180500,0.010,720,0
2026-07,DET,ELEV,HOURLY,DET.Elev-Forebay.Inst.1Hour.0.CBT-REV,14180500,0.010,743,0
2026-08,DET,ELEV,HOURLY,DET.Elev-Forebay.Inst.1Hour.0.CBT-REV,14180500,0.012,742,0
2026-09,DET,ELEV,HOURLY,DET.Elev-Forebay.Inst.1Hour.0.CBT-REV,14180500,0.016,718,1
2025-10,DET,FLOW,DAILY,DET.Flow-Out.Ave.1Hour.1Hour.CBT-REV,14181500,175.319,31,31
2025-11,DET,FLOW,DAILY,DET.Flow-Out.Ave.1Hour.1Hour.CBT-REV,14181500,239.101,30,16
2025-12,DET,FLOW,DAILY,DET.Flow-Out.Ave.1Hour.1Hour.CBT-REV,14181500,486.338,31,19
2026-01,DET,FLOW,DAILY,DET.Flow-Out.Ave.1Hour.1Hour.CBT-REV,14181500,243.356,31,31
2026-02,DET,FLOW,DAILY,DET.Flow-Out.Ave.1Hour.1Hour.CBT-REV,14181500,166.705,28,23
2026-03,DET,FLOW,DAILY,DET.Flow-Out.Ave.1Hour.1Hour.CBT-REV,14181500,222.652,31,27
2026-04,DET,FLOW,DAILY,DET.Flow-Out.Ave.1Hour.1Hour.CBT-REV,14181500,217.940,30,28
2026-05,DET,FLOW,DAILY,DET.Flow-Out.Ave.1Hour.1Hour.CBT-REV,14181500,167.452,31,29
2026-06,DET,FLOW,DAILY,DET.Flow-Out.Ave.1Hour.1Hour.CBT-REV,14181500,159.138,30,29
2026-07,DET,FLOW,DAILY,DET.Flow-Out.Ave.1Hour.1Hour.CBT-REV,14181500,152.725,31,30
2026-08,DET,FLOW,DAILY,DET.Flow-Out.Ave.1Hour.1Hour.CBT-REV,14181500,127.334,31,28
2026-09,DET,FLOW,DAILY,DET.Flow-Out.Ave.1Hour.1Hour.CBT-REV,14181500,116.225,30,28
2025-10,DEX,ELEV,HOURLY,DEX.Elev-Forebay.Inst.1Hour.0.CBT-REV,14149500,0.048,744,170
2025-11,DEX,ELEV,HOURLY,DEX.Elev-Forebay.Inst.1Hour.0.CBT-REV,14149500,0.010,719,2
2025-12,DEX,ELEV,HOURLY,DEX.Elev-Forebay.Inst.1Hour.0.CBT-REV,14149500,0.019,744,56
2026-01,DEX,ELEV,HOURLY,DEX.Elev-Forebay.Inst.1Hour.0.CBT-REV,14149500,0.119,744,473
2026-02,DEX,ELEV,HOURLY,DEX.Elev-Forebay.Inst.1Hour.0.CBT-REV,14149500,0.089,672,154
2026-03,DEX,ELEV,HOURLY,DEX.Elev-Forebay.Inst.1Hour.0.CBT-REV,14149500,0.075,742,96
2026-04,DEX,ELEV,HOURLY,DEX.Elev-Forebay.Inst.1Hour.0.CBT-REV,14149500,0.045,720,75
2026-05,DEX,ELEV,HOURLY,DEX.Elev-Forebay.Inst.1Hour.0.CBT-REV,14149500,0.068,744,216
2026-06,DEX,ELEV,HOURLY,DEX.Elev-Forebay.Inst.1Hour.0.CBT-REV,14149500,0.112,720,499
2026-07,DEX,ELEV,HOURLY,DEX.Elev-Forebay.Inst.1Hour.0.CBT-REV,14149500,0.128,742,456
2026-08,DEX,ELEV,HOURLY,DEX.Elev-Forebay.Inst.1Hour.0.CBT-REV,14149500,0.086,743,217
2026-09,DEX,ELEV,HOURLY,DEX.Elev-Forebay.Inst.1Hour.0.CBT-REV,14149500,0.025,717,7
2025-10,DEX,FLOW,HOURLY,DEX.Flow-Out.Inst.0.0.MIXED-COMPUTED-REV,14150000,69.671,744,0
2025-11,DEX,FLOW,HOURLY,DEX.Flow-Out.Inst.0.0.MIXED-COMPUTED-REV,14150000,65.914,720,2
2025-12,DEX,FLOW,HOURLY,DEX.Flow-Out.Inst.0.0.MIXED-COMPUTED-REV,14150000,8.492,744,2
2026-01,DEX,FLOW,HOURLY,DEX.Flow-Out.Inst.0.0.MIXED-COMPUTED-REV,14150000,1.349,744,0
2026-02,DEX,FLOW,HOURLY,DEX.Flow-Out.Inst.0.0.MIXED-COMPUTED-REV,14150000,1.615,672,0
2026-03,DEX,FLOW,HOURLY,DEX.Flow-Out.Inst.0.0.MIXED-COMPUTED-REV,14150000,1.611,744,0
2026-04,DEX,FLOW,HOURLY,DEX.Flow-Out.Inst.0.0.MIXED-COMPUTED-REV,14150000,1.551,720,0
2026-05,DEX,FLOW,HOURLY,DEX.Flow-Out.Inst.0.0.MIXED-COMPUTED-REV,14150000,1.014,744,0
2026-06,DEX,FLOW,HOURLY,DEX.Flow-Out.Inst.0.0.MIXED-COMPUTED-REV,14150000,0.965,720,0
2026-07,DEX,FLOW,HOURLY,DEX.Flow-Out.Inst.0.0.MIXED-COMPUTED-REV,14150000,0.853,744,0
2026-08,DEX,FLOW,HOURLY,DEX.Flow-Out.Inst.0.0.MIXED-COMPUTED-REV,14150000,1.003,744,0
2026-09,DEX,FLOW,HOURLY,DEX.Flow-Out.Inst.0.0.MIXED-COMPUTED-REV,14150000,1.164,718,0
2025-10,DOR,ELEV,HOURLY,DOR.Elev-Forebay.Inst.0.0.MIXED-REV,14155000,0.000,744,0
2025-11,DOR,ELEV,HOURLY,DOR.Elev-Forebay.Inst.0.0.MIXED-REV,14155000,0.000,720,1
2025-12,DOR,ELEV,HOURLY,DOR.Elev-Forebay.Inst.0.0.MIXED-REV,14155000,0.008,744,0
2026-01,DOR,ELEV,HOURLY,DOR.Elev-Forebay.Inst.0.0.MIXED-REV,14155000,0.026,744,0
2026-02,DOR,ELEV,HOURLY,DOR.Elev-Forebay.Inst.0.0.MIXED-REV,14155000,0.039,672,0
2026-03,DOR,ELEV,HOURLY,DOR.Elev-Forebay.Inst.0.0.MIXED-REV,14155000,0.049,744,0
2026-04,DOR,ELEV,HOURLY,DOR.Elev-Forebay.Inst.0.0.MIXED-REV,14155000,0.032,720,0
2026-05,DOR,ELEV,HOURLY,DOR.Elev-Forebay.Inst.0.0.MIXED-REV,14155000,0.002,744,0
2026-06,DOR,ELEV,HOURLY,DOR.Elev-Forebay.Inst.0.0.MIXED-REV,14155000,0.002,720,0
2026-07,DOR,ELEV,HOURLY,DOR.Elev-Forebay.Inst.0.0.MIXED-REV,14155000,0.018,744,0
2026-08,DOR,ELEV,HOURLY,DOR.Elev-Forebay.Inst.0.0.MIXED-REV,14155000,0.009,744,0
2026-09,DOR,ELEV,HOURLY,DOR.Elev-Forebay.Inst.0.0.MIXED-REV,14155000,0.001,718,0
2025-10,DOR,FLOW,HOURLY,DOR.Flow-Out.Inst.0.0.MIXED-COMPUTED-REV,14155500,3.217,744,0
2025-11,DOR,FLOW,HOURLY,DOR.Flow-Out.Inst.0.0.MIXED-COMPUTED-REV,14155500,0.251,720,0
2025-12,DOR,FLOW,HOURLY,DOR.Flow-Out.Inst.0.0.MIXED-COMPUTED-REV,14155500,0.607,744,0
2026-01,DOR,FLOW,HOURLY,DOR.Flow-Out.Inst.0.0.MIXED-COMPUTED-REV,14155500,0.506,744,0
2026-02,DOR,FLOW,HOURLY,DOR.Flow-Out.Inst.0.0.MIXED-COMPUTED-REV,14155500,0.435,672,0
2026-03,DOR,FLOW,HOURLY,DOR.Flow-Out.Inst.0.0.MIXED-COMPUTED-REV,14155500,61.799,744,141
2026-04,DOR,FLOW,HOURLY,DOR.Flow-Out.Inst.0.0.MIXED-COMPUTED-REV,14155500,10.771,720,0
2026-05,DOR,FLOW,HOURLY,DOR.Flow-Out.Inst.0.0.MIXED-COMPUTED-REV,14155500,17.084,744,0
2026-06,DOR,FLOW,HOURLY,DOR.Flow-Out.Inst.0.0.MIXED-COMPUTED-REV,14155500,17.435,720,0
2026-07,DOR,FLOW,HOURLY,DOR.Flow-Out.Inst.0.0.MIXED-COMPUTED-REV,14155500,3.110,744,0
2026-08,DOR,FLOW,HOURLY,DOR.Flow-Out.Inst.0.0.MIXED-COMPUTED-REV,14155500,0.139,744,0
2026-09,DOR,FLOW,HOURLY,DOR.Flow-Out.Inst.0.0.MIXED-COMPUTED-REV,14155500,0.297,718,0
2025-10,FAL,ELEV,HOURLY,FAL.Elev-Forebay.Inst.0.0.MIXED-REV,14150900,0.008,744,0
2025-11,FAL,ELEV,HOURLY,FAL.Elev-Forebay.Inst.0.0.MIXED-REV,14150900,0.008,720,8
2025-12,FAL,ELEV,HOURLY,FAL.Elev-Forebay.Inst.0.0.MIXED-REV,14150900,0.031,744,0
2026-01,FAL,ELEV,HOURLY,FAL.Elev-Forebay.Inst.0.0.MIXED-REV,14150900,0.014,744,0
2026-02,FAL,ELEV,HOURLY,FAL.Elev-Forebay.Inst.0.0.MIXED-REV,14150900,0.004,672,0
2026-03,FAL,ELEV,HOURLY,FAL.Elev-Forebay.Inst.0.0.MIXED-REV,14150900,0.003,744,0
2026-04,FAL,ELEV,HOURLY,FAL.Elev-Forebay.Inst.0.0.MIXED-REV,14150900,0.016,720,0
2026-05,FAL,ELEV,HOURLY,FAL.Elev-Forebay.Inst.0.0.MIXED-REV,14150900,0.001,744,0
2026-06,FAL,ELEV,HOURLY,FAL.Elev-Forebay.Inst.0.0.MIXED-REV,14150900,0.000,720,0
2026-07,FAL,ELEV,HOURLY,FAL.Elev-Forebay.Inst.0.0.MIXED-REV,14150900,0.000,744,0
2026-08,FAL,ELEV,HOURLY,FAL.Elev-Forebay.Inst.0.0.MIXED-REV,14150900,0.000,744,1
2026-09,FAL,ELEV,HOURLY,FAL.Elev-Forebay.Inst.0.0.MIXED-REV,14150900,0.000,718,0
2025-10,FAL,FLOW,HOURLY,FAL.Flow-Out.Inst.0.0.MIXED-COMPUTED-REV,14151000,0.687,744,0
2025-11,FAL,FLOW,HOURLY,FAL.Flow-Out.Inst.0.0.MIXED-COMPUTED-REV,14151000,0.268,720,0
2025-12,FAL,FLOW,HOURLY,FAL.Flow-Out.Inst.0.0.MIXED-COMPUTED-REV,14151000,1.531,744,0
2026-01,FAL,FLOW,HOURLY,FAL.Flow-Out.Inst.0.0.MIXED-COMPUTED-REV,14151000,1.375,744,0
2026-02,FAL,FLOW,HOURLY,FAL.Flow-Out.Inst.0.0.MIXED-COMPUTED-REV,14151000,2.434,672,0
2026-03,FAL,FLOW,HOURLY,FAL.Flow-Out.Inst.0.0.MIXED-COMPUTED-REV,14151000,3.210,744,0
2026-04,FAL,FLOW,HOURLY,FAL.Flow-Out.Inst.0.0.MIXED-COMPUTED-REV,14151000,1.010,720,0
2026-05,FAL,FLOW,HOURLY,FAL.Flow-Out.Inst.0.0.MIXED-COMPUTED-REV,14151000,0.040,744,0
2026-06,FAL,FLOW,HOURLY,FAL.Flow-Out.Inst.0.0.MIXED-COMPUTED-REV,14151000,0.063,720,0
2026-07,FAL,FLOW,HOURLY,FAL.Flow-Out.Inst.0.0.MIXED-COMPUTED-REV,14151000,0.172,744,0
2026-08,FAL,FLOW,HOURLY,FAL.Flow-Out.Inst.0.0.MIXED-COMPUTED-REV,14151000,0.246,744,0
2026-09,FAL,FLOW,HOURLY,FAL.Flow-Out.Inst.0.0.MIXED-COMPUTED-REV,14151000,0.177,718,0
2025-10,FOS,ELEV,HOURLY,FOS.Elev-Forebay.Inst.1Hour.0.CBT-REV,14186600,0.037,744,6
2025-11,FOS,ELEV,HOURLY,FOS.Elev-Forebay.Inst.1Hour.0.CBT-REV,14186600,0.041,719,0
2025-12,FOS,ELEV,HOURLY,FOS.Elev-Forebay.Inst.1Hour.0.CBT-REV,14186600,0.043,744,66
2026-01,FOS,ELEV,HOURLY,FOS.Elev-Forebay.Inst.1Hour.0.CBT-REV,14186600,0.047,744,21
2026-02,FOS,ELEV,HOURLY,FOS.Elev-Forebay.Inst.1Hour.0.CBT-REV,14186600,0.058,672,107
2026-03,FOS,ELEV,HOURLY,FOS.Elev-Forebay.Inst.1Hour.0.CBT-REV,14186600,0.045,743,57
2026-04,FOS,ELEV,HOURLY,FOS.Elev-Forebay.Inst.1Hour.0.CBT-REV,14186600,0.058,720,119
2026-05,FOS,ELEV,HOURLY,FOS.Elev-Forebay.Inst.1Hour.0.CBT-REV,14186600,0.056,744,120
2026-06,FOS,ELEV,HOURLY,FOS.Elev-Forebay.Inst.1Hour.0.CBT-REV,14186600,0.033,718,9
2026-07,FOS,ELEV,HOURLY,FOS.Elev-Forebay.Inst.1Hour.0.CBT-REV,14186600,0.035,742,5
2026-08,FOS,ELEV,HOURLY,FOS.Elev-Forebay.Inst.1Hour.0.CBT-REV,14186600,0.033,742,3
2026-09,FOS,ELEV,HOURLY,FOS.Elev-Forebay.Inst.1Hour.0.CBT-REV,14186600,0.045,718,22
2025-10,FOS,FLOW,HOURLY,FOS.Flow-Out.Ave.1Hour.1Hour.CBT-REV,14187200,48.057,744,72
2025-11,FOS,FLOW,HOURLY,FOS.Flow-Out.Ave.1Hour.1Hour.CBT-REV,14187200,104.432,719,307
2025-12,FOS,FLOW,HOURLY,FOS.Flow-Out.Ave.1Hour.1Hour.CBT-REV,14187200,374.185,744,457
2026-01,FOS,FLOW,HOURLY,FOS.Flow-Out.Ave.1Hour.1Hour.CBT-REV,14187200,143.794,744,355
2026-02,FOS,FLOW,HOURLY,FOS.Flow-Out.Ave.1Hour.1Hour.CBT-REV,14187200,277.281,672,534
2026-03,FOS,FLOW,HOURLY,FOS.Flow-Out.Ave.1Hour.1Hour.CBT-REV,14187200,277.050,743,629
2026-04,FOS,FLOW,HOURLY,FOS.Flow-Out.Ave.1Hour.1Hour.CBT-REV,14187200,216.466,720,535
2026-05,FOS,FLOW,HOURLY,FOS.Flow-Out.Ave.1Hour.1Hour.CBT-REV,14187200,57.375,744,67
2026-06,FOS,FLOW,HOURLY,FOS.Flow-Out.Ave.1Hour.1Hour.CBT-REV,14187200,31.943,718,40
2026-07,FOS,FLOW,HOURLY,FOS.Flow-Out.Ave.1Hour.1Hour.CBT-REV,14187200,31.496,742,170
2026-08,FOS,FLOW,HOURLY,FOS.Flow-Out.Ave.1Hour.1Hour.CBT-REV,14187200,12.201,742,2
2026-09,FOS,FLOW,HOURLY,FOS.Flow-Out.Ave.1Hour.1Hour.CBT-REV,14187200,13.775,718,1
2025-10,FRN,ELEV,HOURLY,FRN.Elev-Forebay.Inst.0.0.MIXED-REV,14168000,0.001,744,0
2025-11,FRN,ELEV,HOURLY,FRN.Elev-Forebay.Inst.0.0.MIXED-REV,14168000,0.001,720,0
2025-12,FRN,ELEV,HOURLY,FRN.Elev-Forebay.Inst.0.0.MIXED-REV,14168000,0.001,744,0
2026-01,FRN,ELEV,HOURLY,FRN.Elev-Forebay.Inst.0.0.MIXED-REV,14168000,0.001,744,0
2026-02,FRN,ELEV,HOURLY,FRN.Elev-Forebay.Inst.0.0.MIXED-REV,14168000,0.002,672,0
2026-03,FRN,ELEV,HOURLY,FRN.Elev-Forebay.Inst.0.0.MIXED-REV,14168000,0.000,744,0
2026-04,FRN,ELEV,HOURLY,FRN.Elev-Forebay.Inst.0.0.MIXED-REV,14168000,0.000,720,0
2026-05,FRN,ELEV,HOURLY,FRN.Elev-Forebay.Inst.0.0.MIXED-REV,14168000,0.000,744,0
2026-06,FRN,ELEV,HOURLY,FRN.Elev-Forebay.Inst.0.0.MIXED-REV,14168000,0.000,720,0
2026-07,FRN,ELEV,HOURLY,FRN.Elev-Forebay.Inst.0.0.MIXED-REV,14168000,0.000,744,0
2026-08,FRN,ELEV,HOURLY,FRN.Elev-Forebay.Inst.0.0.MIXED-REV,14168000,0.000,744,0
2026-09,FRN,ELEV,HOURLY,FRN.Elev-Forebay.Inst.0.0.MIXED-REV,14168000,0.000,718,0
2025-10,FRN,FLOW,HOURLY,FRN.Flow-Out.Inst.0.0.MIXED-COMPUTED-REV,14169000,0.386,744,0
2025-11,FRN,FLOW,HOURLY,FRN.Flow-Out.Inst.0.0.MIXED-COMPUTED-REV,14169000,0.235,720,0
2025-12,FRN,FLOW,HOURLY,FRN.Flow-Out.Inst.0.0.MIXED-COMPUTED-REV,14169000,0.351,744,0
2026-01,FRN,FLOW,HOURLY,FRN.Flow-Out.Inst.0.0.MIXED-COMPUTED-REV,14169000,5.188,744,0
2026-02,FRN,FLOW,HOURLY,FRN.Flow-Out.Inst.0.0.MIXED-COMPUTED-REV,14169000,1.519,672,0
2026-03,FRN,FLOW,HOURLY,FRN.Flow-Out.Inst.0.0.MIXED-COMPUTED-REV,14169000,0.112,744,0
2026-04,FRN,FLOW,HOURLY,FRN.Flow-Out.Inst.0.0.MIXED-COMPUTED-REV,14169000,0.029,720,0
2026-05,FRN,FLOW,HOURLY,FRN.Flow-Out.Inst.0.0.MIXED-COMPUTED-REV,14169000,0.023,744,0
2026-06,FRN,FLOW,HOURLY,FRN.Flow-Out.Inst.0.0.MIXED-COMPUTED-REV,14169000,0.038,720,0
2026-07,FRN,FLOW,HOURLY,FRN.Flow-Out.Inst.0.0.MIXED-COMPUTED-REV,14169000,0.028,744,0
2026-08,FRN,FLOW,HOURLY,FRN.Flow-Out.Inst.0.0.MIXED-COMPUTED-REV,14169000,0.016,744,0
2026-09,FRN,FLOW,HOURLY,FRN.Flow-Out.Inst.0.0.MIXED-COMPUTED-REV,14169000,0.020,590,0
2025-10,GPR,ELEV,HOURLY,GPR.Elev-Forebay.Inst.1Hour.0.CBT-REV,14186100,0.165,744,653
2025-11,GPR,ELEV,HOURLY,GPR.Elev-Forebay.Inst.1Hour.0.CBT-REV,14186100,0.308,719,599
2025-12,GPR,ELEV,HOURLY,GPR.Elev-Forebay.Inst.1Hour.0.CBT-REV,14186100,0.208,744,539
2026-01,GPR,ELEV,HOURLY,GPR.Elev-Forebay.Inst.1Hour.0.CBT-REV,14186100,0.147,744,646
2026-02,GPR,ELEV,HOURLY,GPR.Elev-Forebay.Inst.1Hour.0.CBT-REV,14186100,0.058,672,62
2026-03,GPR,ELEV,HOURLY,GPR.Elev-Forebay.Inst.1Hour.0.CBT-REV,14186100,0.033,743,54
2026-04,GPR,ELEV,HOURLY,GPR.Elev-Forebay.Inst.1Hour.0.CBT-REV,14186100,0.012,720,1
2026-05,GPR,ELEV,HOURLY,GPR.Elev-Forebay.Inst.1Hour.0.CBT-REV,14186100,0.019,744,1
2026-06,GPR,ELEV,HOURLY,GPR.Elev-Forebay.Inst.1Hour.0.CBT-REV,14186100,0.049,718,3
2026-07,GPR,ELEV,HOURLY,GPR.Elev-Forebay.Inst.1Hour.0.CBT-REV,14186100,0.095,742,312
2026-08,GPR,ELEV,HOURLY,GPR.Elev-Forebay.Inst.1Hour.0.CBT-REV,14186100,0.017,743,0
2026-09,GPR,ELEV,HOURLY,GPR.Elev-Forebay.Inst.1Hour.0.CBT-REV,14186100,0.027,718,43
2025-10,HCR,ELEV,HOURLY,HCR.Elev-Forebay.Inst.1Hour.0.CBT-REV,14145100,0.071,744,46
2025-11,HCR,ELEV,HOURLY,HCR.Elev-Forebay.Inst.1Hour.0.CBT-REV,14145100,0.069,719,194
2025-12,HCR,ELEV,HOURLY,HCR.Elev-Forebay.Inst.1Hour.0.CBT-REV,14145100,0.025,744,28
2026-01,HCR,ELEV,HOURLY,HCR.Elev-Forebay.Inst.1Hour.0.CBT-REV,14145100,0.011,744,1
2026-02,HCR,ELEV,HOURLY,HCR.Elev-Forebay.Inst.1Hour.0.CBT-REV,14145100,0.041,672,53
2026-03,HCR,ELEV,HOURLY,HCR.Elev-Forebay.Inst.1Hour.0.CBT-REV,14145100,0.055,742,0
2026-04,HCR,ELEV,HOURLY,HCR.Elev-Forebay.Inst.1Hour.0.CBT-REV,14145100,0.092,720,158
2026-05,HCR,ELEV,HOURLY,HCR.Elev-Forebay.Inst.1Hour.0.CBT-REV,14145100,0.021,744,16
2026-06,HCR,ELEV,HOURLY,HCR.Elev-Forebay.Inst.1Hour.0.CBT-REV,14145100,0.006,720,0
2026-07,HCR,ELEV,HOURLY,HCR.Elev-Forebay.Inst.1Hour.0.CBT-REV,14145100,0.007,742,1
2026-08,HCR,ELEV,HOURLY,HCR.Elev-Forebay.Inst.1Hour.0.CBT-REV,14145100,0.008,743,1
2026-09,HCR,ELEV,HOURLY,HCR.Elev-Forebay.Inst.1Hour.0.CBT-REV,14145100,0.005,717,1
2025-10,HCR,FLOW,HOURLY,HCR.Flow-Out.Ave.1Hour.1Hour.CBT-REV,14145500,11.483,744,8
2025-11,HCR,FLOW,HOURLY,HCR.Flow-Out.Ave.1Hour.1Hour.CBT-REV,14145500,13.277,719,14
2025-12,HCR,FLOW,HOURLY,HCR.Flow-Out.Ave.1Hour.1Hour.CBT-REV,14145500,31.826,744,31
2026-01,HCR,FLOW,HOURLY,HCR.Flow-Out.Ave.1Hour.1Hour.CBT-REV,14145500,23.205,744,21
2026-02,HCR,FLOW,HOURLY,HCR.Flow-Out.Ave.1Hour.1Hour.CBT-REV,14145500,8.498,672,28
2026-03,HCR,FLOW,HOURLY,HCR.Flow-Out.Ave.1Hour.1Hour.CBT-REV,14145500,6.164,742,13
2026-04,HCR,FLOW,HOURLY,HCR.Flow-Out.Ave.1Hour.1Hour.CBT-REV,14145500,4.595,720,5
2026-05,HCR,FLOW,HOURLY,HCR.Flow-Out.Ave.1Hour.1Hour.CBT-REV,14145500,3.205,744,0
2026-06,HCR,FLOW,HOURLY,HCR.Flow-Out.Ave.1Hour.1Hour.CBT-REV,14145500,4.372,720,3
2026-07,HCR,FLOW,HOURLY,HCR.Flow-Out.Ave.1Hour.1Hour.CBT-REV,14145500,3.841,742,0
2026-08,HCR,FLOW,HOURLY,HCR.Flow-Out.Ave.1Hour.1Hour.CBT-REV,14145500,3.923,743,3
2026-09,HCR,FLOW,HOURLY,HCR.Flow-Out.Ave.1Hour.1Hour.CBT-REV,14145500,4.244,717,5
2025-10,LOP,ELEV,HOURLY,LOP.Elev-Forebay.Inst.1Hour.0.CBT-REV,14149000,0.760,744,744
2025-11,LOP,ELEV,HOURLY,LOP.Elev-Forebay.Inst.1Hour.0.CBT-REV,14149000,0.456,720,362
2025-12,LOP,ELEV,HOURLY,LOP.Elev-Forebay.Inst.1Hour.0.CBT-REV,14149000,0.257,744,303
2026-01,LOP,ELEV,HOURLY,LOP.Elev-Forebay.Inst.1Hour.0.CBT-REV,14149000,0.082,744,275
2026-02,LOP,ELEV,HOURLY,LOP.Elev-Forebay.Inst.1Hour.0.CBT-REV,14149000,0.286,672,669
2026-03,LOP,ELEV,HOURLY,LOP.Elev-Forebay.Inst.1Hour.0.CBT-REV,14149000,0.489,742,742
2026-04,LOP,ELEV,HOURLY,LOP.Elev-Forebay.Inst.1Hour.0.CBT-REV,14149000,0.686,720,720
2026-05,LOP,ELEV,HOURLY,LOP.Elev-Forebay.Inst.1Hour.0.CBT-REV,14149000,0.242,744,381
2026-06,LOP,ELEV,HOURLY,LOP.Elev-Forebay.Inst.1Hour.0.CBT-REV,14149000,0.079,720,224
2026-07,LOP,ELEV,HOURLY,LOP.Elev-Forebay.Inst.1Hour.0.CBT-REV,14149000,0.130,742,541
2026-08,LOP,ELEV,HOURLY,LOP.Elev-Forebay.Inst.1Hour.0.CBT-REV,14149000,0.171,743,601
2026-09,LOP,ELEV,HOURLY,LOP.Elev-Forebay.Inst.1Hour.0.CBT-REV,14149000,0.117,717,238
2025-10,LOP,FLOW,DAILY,LOP.Flow-Out.Ave.1Hour.1Hour.CBT-REV,14150000,196.346,31,27
2025-11,LOP,FLOW,DAILY,LOP.Flow-Out.Ave.1Hour.1Hour.CBT-REV,14150000,214.242,30,28
2025-12,LOP,FLOW,DAILY,LOP.Flow-Out.Ave.1Hour.1Hour.CBT-REV,14150000,107.883,31,19
2026-01,LOP,FLOW,DAILY,LOP.Flow-Out.Ave.1Hour.1Hour.CBT-REV,14150000,170.990,31,16
2026-02,LOP,FLOW,DAILY,LOP.Flow-Out.Ave.1Hour.1Hour.CBT-REV,14150000,144.214,28,27
2026-03,LOP,FLOW,DAILY,LOP.Flow-Out.Ave.1Hour.1Hour.CBT-REV,14150000,175.477,31,25
2026-04,LOP,FLOW,DAILY,LOP.Flow-Out.Ave.1Hour.1Hour.CBT-REV,14150000,160.276,30,25
2026-05,LOP,FLOW,DAILY,LOP.Flow-Out.Ave.1Hour.1Hour.CBT-REV,14150000,223.238,31,24
2026-06,LOP,FLOW,DAILY,LOP.Flow-Out.Ave.1Hour.1Hour.CBT-REV,14150000,243.722,30,26
2026-07,LOP,FLOW,DAILY,LOP.Flow-Out.Ave.1Hour.1Hour.CBT-REV,14150000,186.059,31,20
2026-08,LOP,FLOW,DAILY,LOP.Flow-Out.Ave.1Hour.1Hour.CBT-REV,14150000,101.825,31,12
2026-09,LOP,FLOW,DAILY,LOP.Flow-Out.Ave.1Hour.1Hour.CBT-REV,14150000,88.178,30,14
