Project,Parameter,Timestep,CWMS_Key,USGS_Key,Steps CWMS,Steps USGS,Steps Both,Steps CWMS Only,Steps USGS Only,Bias (CWMS-USGS),Median Diff,MAE,RMSE,Max Abs Diff,Max Abs Diff Time,Steps Outside Tol,Pct Outside Tol,Flags,Best Lag Hours (USGS behind CWMS),MAE at Best Lag
DET,FLOW,DAILY,DET.Flow-Out.Ave.1Hour.1Hour.CBT-REV,14181500,365,365,365,0,0,-191.064,-155.938,206.768,268.835,1528.507,2025-12-10 00:00:00,319,87.397,87.4% of days outside tolerance,,
BCL,ELEV,HOURLY,BCL.Elev-Forebay.Inst.1Hour.0.CBT-REV,14181400,8752,8758,8752,0,6,0.036,0.052,0.350,3.181,295.052,2025-12-25 01:00:00,6934,79.228,79.2% of hours outside tolerance,,
LOP,FLOW,DAILY,LOP.Flow-Out.Ave.1Hour.1Hour.CBT-REV,14150000,365,365,365,0,0,-134.087,-123.472,167.800,219.316,1053.715,2026-07-09 00:00:00,263,72.055,72.1% of days outside tolerance,,
LOP,ELEV,HOURLY,LOP.Elev-Forebay.Inst.1Hour.0.CBT-REV,14149000,8752,8758,8752,0,6,-0.015,0.025,0.313,0.433,1.375,2025-10-09 12:00:00,5800,66.271,66.3% of hours outside tolerance,,
FOS,FLOW,HOURLY,FOS.Flow-Out.Ave.1Hour.1Hour.CBT-REV,14187200,8750,8758,8750,0,8,-123.514,-63.333,131.679,270.099,4538.333,2025-12-19 07:00:00,3169,36.217,36.2% of hours outside tolerance,-1.000,131.327
GPR,ELEV,HOURLY,GPR.Elev-Forebay.Inst.1Hour.0.CBT-REV,14186100,8751,8758,8751,0,7,0.021,0.010,0.095,0.161,2.291,2025-12-19 04:00:00,2913,33.288,33.3% of hours outside tolerance,,
DET,ELEV,HOURLY,DET.Elev-Forebay.Inst.1Hour.0.CBT-REV,14180500,8753,8758,8753,0,5,-0.041,-0.003,0.101,0.678,36.003,2026-01-01 11:00:00,2612,29.841,29.8% of hours outside tolerance,,
DEX,ELEV,HOURLY,DEX.Elev-Forebay.Inst.1Hour.0.CBT-REV,14149500,8751,8758,8751,0,7,0.005,0.003,0.069,0.100,1.218,2025-10-01 02:00:00,2421,27.665,27.7% of hours outside tolerance,,
CGR,FLOW,HOURLY,CGR.Flow-Out.Ave.1Hour.1Hour.CBT-REV,14159500,8748,8758,8748,0,10,0.390,6.250,41.096,54.708,666.667,2026-03-06 17:00:00,2028,23.182,23.2% of hours outside tolerance,-1.000,40.681
CGR,ELEV,HOURLY,CGR.Elev-Forebay.Inst.1Hour.0.CBT-REV,14159400,8748,8758,8748,0,10,-0.009,0.003,0.037,0.067,0.787,2025-12-19 12:00:00,1060,12.117,12.1% of hours outside tolerance,,
FOS,ELEV,HOURLY,FOS.Elev-Forebay.Inst.1Hour.0.CBT-REV,14186600,8750,8758,8750,0,8,0.011,0.025,0.044,0.062,1.033,2026-07-03 07:00:00,535,6.114,6.1% of hours outside tolerance,,
HCR,ELEV,HOURLY,HCR.Elev-Forebay.Inst.1Hour.0.CBT-REV,14145100,8751,8758,8751,0,7,-0.004,0.001,0.034,0.051,0.296,2025-12-09 08:00:00,499,5.702,5.7% of hours outside tolerance,,
DOR,FLOW,HOURLY,DOR.Flow-Out.Inst.0.0.MIXED-COMPUTED-REV,14155500,8758,8758,8758,0,0,7.168,0.060,9.742,44.684,427.760,2026-03-13 20:00:00,141,1.610,,0.000,9.742
HCR,FLOW,HOURLY,HCR.Flow-Out.Ave.1Hour.1Hour.CBT-REV,14145500,8751,8758,8751,0,7,-2.935,0.500,9.938,20.436,775.333,2025-12-24 00:00:00,131,1.497,,-1.000,8.746
FAL,ELEV,HOURLY,FAL.Elev-Forebay.Inst.0.0.MIXED-REV,14150900,8758,8758,8758,0,0,0.005,0.000,0.007,0.017,0.215,2026-08-13 18:00:00,9,0.103,,,
DEX,FLOW,HOURLY,DEX.Flow-Out.Inst.0.0.MIXED-COMPUTED-REV,14150000,8758,8758,8758,0,0,-11.784,-0.135,12.980,28.482,75.073,2025-10-01 22:00:00,4,0.046,,0.000,12.980
DOR,ELEV,HOURLY,DOR.Elev-Forebay.Inst.0.0.MIXED-REV,14155000,8758,8758,8758,0,0,0.010,0.000,0.016,0.025,0.128,2025-11-12 06:00:00,1,0.011,,,
FAL,FLOW,HOURLY,FAL.Flow-Out.Inst.0.0.MIXED-COMPUTED-REV,14151000,8758,8758,8758,0,0,-0.587,-0.040,0.928,1.562,7.092,2025-12-25 15:00:00,0,0.000,,0.000,0.928
FRN,ELEV,HOURLY,FRN.Elev-Forebay.Inst.0.0.MIXED-REV,14168000,8758,8758,8758,0,0,0.000,0.000,0.001,0.001,0.030,2026-06-23 20:00:00,0,0.000,,,
FRN,FLOW,HOURLY,FRN.Flow-Out.Inst.0.0.MIXED-COMPUTED-REV,14169000,8630,8630,8630,0,0,0.516,0.003,0.671,1.978,12.060,2026-01-16 16:00:00,0,0.000,,0.000,0.671
BCL,FLOW,HOURLY,BCL.Flow-Out.Inst.0.0.MIXED-COMPUTED-REV,14181500,8758,8758,8758,0,0,-0.344,-0.769,1.974,2.306,6.302,2026-09-30 21:00:00,0,0.000,,0.000,1.974
BLU,ELEV,HOURLY,BLU.Elev-Forebay.Inst.0.0.MIXED-REV,14162100,8758,8758,8758,0,0,0.000,0.000,0.000,0.000,0.006,2026-09-30 21:00:00,0,0.000,,,
COT,FLOW,HOURLY,COT.Flow-Out.Inst.0.0.MIXED-COMPUTED-REV,14153500,6806,8758,6806,0,1952,2.698,0.020,3.541,7.237,34.537,2026-02-27 06:00:00,0,0.000,1952 h only in one source,0.000,3.541
COT,ELEV,HOURLY,COT.Elev-Forebay.Inst.0.0.MIXED-REV,14153000,8742,8757,8741,1,16,0.001,0.000,0.002,0.006,0.040,2026-06-04 21:00:00,0,0.000,,,
BLU,FLOW,HOURLY,BLU.Flow-Out.Inst.0.0.MIXED-COMPUTED-REV,14162200,8757,8758,8757,0,1,-0.014,0.000,0.118,0.470,17.423,2026-06-22 14:00:00,0,0.000,,0.000,0.118
