Wells_OUT,Flow, , , , , , 
Waneta_OUT,Flow, , , , , , 
Wanapum_OUT,Flow, , , , , , 
Thompson Falls_OUT,Flow, , , , , , 
The Dalles_OUT,Flow,shared/Locals-Dummy.dss, ,0 CFS,FLOW,1DAY, 
Spalding,Flow, , , , , , 
Snake+Grande Ronde,Flow, , , , , , 
Seven Mile_OUT,Flow, , , , , , 
Rocky Reach_OUT,Flow, , , , , , 
Rock Island_OUT,Flow, , , , , , 
Revelstoke_Out,Flow, , , , , , 
Priest Rapids_OUT,Flow, , , , , , 
Post Falls_OUT,Flow, , , , , , 
Noxon Rapids_OUT,Flow, , , , , , 
Mica_OUT,Flow, , , , , , 
McNary_OUT,Flow, , , , , , 
Lower Monumental_OUT,Flow, , , , , , 
Lower Granite_OUT,Flow, , , , , , 
Little Goose_OUT,Flow, , , , , , 
Libby_OUT,Flow, , , , , , 
Kerr_OUT,Flow, , , , , , 
John Day_OUT,Flow,shared/Locals-Dummy.dss, ,0 CFS,FLOW,1DAY, 
Ice Harbor_OUT,Flow, , , , , , 
Hungry Horse_OUT,Flow, , , , , , 
Hells Canyon_OUT,Flow, , , , , , 
Grand Coulee_OUT,Flow, , , , , , 
Dworshak_OUT,Flow, , , , , , 
Duncan_OUT,Flow, , , , , , 
Corra Linn_OUT,Flow, , , , , , 
Columbia Falls,Flow, , , , , , 
Chief Joseph_OUT,Flow, , , , , , 
Chelan_OUT,Flow, , , , , , 
Cabinet Gorge_OUT,Flow, , , , , , 
Brownlee_OUT,Flow, , , , , , 
Brilliant_OUT,Flow, , , , , , 
Box Canyon_OUT,Flow, , , , , , 
Boundary_OUT,Flow, , , , , , 
Bonners Ferry,Flow, , , , , , 
Arrow Lakes_OUT,Flow, , , , , , 
Albeni Falls_OUT,Flow, , , , , , 
Albeni Falls_IN,Flow, , , , , , 
Arrow Lakes_IN,Flow, , , , , , 
Boundary_IN,Flow, , , , , , 
Brilliant_IN,Flow, , , , , , 
Brownlee_IN,Flow, , , , , , 
Cabinet Gorge_IN,Flow, , , , , , 
Chief Joseph_IN,Flow, , , , , , 
Corra Linn_IN,Flow, , , , , , 
Grand Coulee_IN,Flow, , , , , , 
Hells Canyon_IN,Flow, , , , , , 
Ice Harbor_IN,Flow, , , , , , 
John Day_IN,Flow,shared/Locals-Dummy.dss, ,0 CFS,FLOW,1DAY, 
Kerr_IN,Flow, , , , , , 
Little Goose_IN,Flow, , , , , , 
Lower Granite_IN,Flow, , , , , , 
Lower Monumental_IN,Flow, , , , , , 
McNary_IN,Flow, , , , , , 
Noxon Rapids_IN,Flow, , , , , , 
Priest Rapids_IN,Flow, , , , , , 
Revelstoke_IN,Flow, , , , , , 
Rock Island_IN,Flow, , , , , , 
Rocky Reach_IN,Flow, , , , , , 
Seven Mile_IN,Flow, , , , , , 
Thompson Falls_IN,Flow, , , , , , 
Wanapum_IN,Flow, , , , , , 
Birchbank,Flow, , , , , , 
Wells_IN,Flow, , , , , , 
The Dalles_IN,Flow,shared/Locals-Dummy.dss, ,0 CFS,FLOW,1DAY, 
Pend Oreille @ Box Canyon,Flow, , , , , , 
Snake_RM178.27,Flow, , , , , , 
Keechelus_OUT,Flow, , , , , , 
Kachess_OUT,Flow, , , , , , 
Cle Elum_OUT,Flow, , , , , , 
Yakima+Cle Elum,Flow, , , , , , 
Bumping Lake_OUT,Flow, , , , , , 
Tieton_OUT,Flow, , , , , , 
Naches+Tieton,Flow, , , , , , 
Yakima+Naches,Flow, , , , , , 
Yakima_Modified,Flow, , , , , , 
Snake DS Flat_Ck,Flow, , , , , , 
Shelley,Flow, , , , , , 
Payette,Flow, , , , , , 
Palisades_OUT,Flow, , , , , , 
Owyhee_OUT,Flow, , , , , , 
Nyssa,Flow, , , , , , 
Moose,Flow, , , , , , 
Minidoka,Flow, , , , , , 
Milner,Flow, , , , , , 
Lucky Peak_OUT,Flow, , , , , , 
Lorenzo,Flow, , , , , , 
King Hill,Flow, , , , , , 
Kimberly,Flow, , , , , , 
Jackson Lake_OUT,Flow, , , , , , 
Horseshoe Bend,Flow, , , , , , 
Heise,Flow, , , , , , 
Glenwood Bridge,Flow, , , , , , 
Deadwood_OUT,Flow, , , , , , 
DD_Boise nr Parma,Flow, , , , , , 
Cascade_OUT,Flow, , , , , , 
Arrowrock_OUT,Flow, , , , , , 
Anderson Ranch_OUT,Flow, , , , , , 
American Falls_OUT,Flow, , , , , , 
Arrowrock_IN_SF,Flow, , , , , , 
Palisades_IN,Flow, , , , , , 
American Falls_IN,Flow, , , , , , 
Willamette_at Salem,Flow,shared/obsData.dss,"WILLAMETTE RIVER AT SALEM, OR",14191000,FLOW,1HOUR,USGS
Willamette_at Harrisburg,Flow,shared/obsData.dss,"WILLAMETTE RIVER AT HARRISBURG, OR",14166000,FLOW,1HOUR,USGS
Willamette_at Eugene,Flow,shared/obsData.dss, ,EUGO,FLOW,1HOUR,CWMS
Willamette_at Albany,Flow,shared/obsData.dss,"WILLAMETTE RIVER AT ALBANY, OR",14174000,FLOW,1HOUR,USGS
So Santiam_at Waterloo,Flow,shared/obsData.dss,"SOUTH SANTIAM RIVER AT WATERLOO, OR",14187500,FLOW,1HOUR,USGS
Santiam_at Jefferson,Flow,shared/obsData.dss,"SANTIAM RIVER AT JEFFERSON, OR",14189000,FLOW,1HOUR,USGS
No Santiam_at Mehama,Flow,shared/obsData.dss,"NORTH SANTIAM RIVER AT MEHAMA, OR",14183000,FLOW,1HOUR,USGS
Mckenzie_at Vida,Flow,shared/obsData.dss,"MCKENZIE RIVER NEAR VIDA, OR",14162500,FLOW,1HOUR,USGS
MF Willamette_at Jasper,Flow,shared/obsData.dss,"MIDDLE FORK WILLAMETTE RIVER AT JASPER, OR",14152000,FLOW,1HOUR,USGS
Lookout Point_OUT,Flow,shared/obsData.dss, ,LOP,FLOW-OUT,1HOUR,CWMS
Long Tom_at Monroe,Flow,shared/obsData.dss,"LONG TOM RIVER AT MONROE, OR",14170000,FLOW,1HOUR,USGS
Green Peter_OUT,Flow,shared/obsData.dss, ,GPR,FLOW-OUT,1HOUR,CWMS
Foster_OUT,Flow,shared/obsData.dss, ,FOS,FLOW-OUT,1HOUR,CWMS
Ferm Ridge_OUT,Flow,shared/obsData.dss,"LONG TOM RIVER NEAR ALVADORE, OR",14169000,FLOW,1HOUR,USGS
Fall Creek_OUT,Flow,shared/obsData.dss,"FALL CREEK BLW WINBERRY CREEK, NEAR FALL CREEK, OR",14151000,FLOW,1HOUR,USGS
Dorena_OUT,Flow,shared/obsData.dss,"ROW RIVER NEAR COTTAGE GROVE, OR",14155500,FLOW,1HOUR,USGS
Dexter_OUT,Flow,shared/obsData.dss,"MIDDLE FORK WILLAMETTE RIVER NEAR DEXTER, OR",14150000,FLOW,1HOUR,USGS
Detroit_OUT,Flow,shared/obsData.dss, ,DET,FLOW-OUT,1HOUR,CWMS
Cougar_OUT,Flow,shared/obsData.dss,"SOUTH FORK MCKENZIE RIVER NEAR RAINBOW, OR",14159500,FLOW,1HOUR,USGS
Cottage Grove_OUT,Flow,shared/obsData.dss,"COAST FORK WILLAMETTE R BLW COTTAGE GROVE DAM, OR",14153500,FLOW,1HOUR,USGS
CF Willamette_nr Goshen,Flow,shared/obsData.dss,"COAST FORK WILLAMETTE RIVER NEAR GOSHEN, OR",14157500,FLOW,1HOUR,USGS
Blue River_OUT,Flow,shared/obsData.dss,"BLUE RIVER AT BLUE RIVER, OR",14162200,FLOW,1HOUR,USGS
Big Cliff_OUT,Flow,shared/obsData.dss,"NORTH SANTIAM RIVER AT NIAGARA, OR",14181500,FLOW,1HOUR,USGS
HILLS CREEK_OUT,Flow,shared/obsData.dss,"MF WILLAMETTE RIVER ABV SALT CRK, NEAR OAKRIDGE,OR",14145500,FLOW,1HOUR,USGS
Foster_IN,Flow,shared/obsData.dss, ,FOS,FLOW-IN,1HOUR,CWMS
Lookout Point_IN,Flow,shared/obsData.dss, ,LOP,FLOW-IN,1HOUR,CWMS
Willamette_at Newberg,Flow,shared/obsData.dss,"WILLAMETTE RIVER AT NEWBERG, OR",14197900,FLOW,1HOUR,USGS
Tualatin_at Farmington,Flow,shared/obsData.dss, ,FRMO,FLOW,1HOUR,CWMS
Tualatin_at West Linn,Flow,shared/obsData.dss,"TUALATIN RIVER AT WEST LINN, OR",14207500,FLOW,1HOUR,USGS
Tualatin_at Dilley,Flow,shared/obsData.dss,"TUALATIN RIVER NEAR DILLEY, OR",14203500,FLOW,1HOUR,USGS
Scoggins_OUT,Flow,shared/obsData.dss, ,SCO,FLOW-OUT,1HOUR,CWMS
Cowlitz_at Castle Rock,Flow,shared/Locals-Dummy.dss, ,0 CFS,FLOW,1DAY, 
Mossyrock_OUT,Flow,shared/Locals-Dummy.dss, ,0 CFS,FLOW,1DAY, 
Mayfield,Flow,shared/Locals-Dummy.dss, ,0 CFS,FLOW,1DAY, 
Yakima_at Umtanum,Flow, , , , , , 
Clark Fork_at Plains,Flow, , , , , , 
Albeni Falls-Pool,Elevation, , , , , , 
Arrow Lakes-Pool,Elevation, , , , , , 
Bonneville-Pool,Elevation,shared/Locals-Dummy.dss, ,0 CFS,FLOW,1DAY, 
Boundary-Pool,Elevation, , , , , , 
Box Canyon-Pool,Elevation, , , , , , 
Brownlee-Pool,Elevation, , , , , , 
Cabinet Gorge-Pool,Elevation, , , , , , 
Chelan-Pool,Elevation, , , , , , 
Chief Joseph-Pool,Elevation, , , , , , 
Corra Linn-Pool,Elevation, , , , , , 
Duncan-Pool,Elevation, , , , , , 
Dworshak-Pool,Elevation, , , , , , 
Grand Coulee-Pool,Elevation, , , , , , 
Hells Canyon-Pool,Elevation, , , , , , 
Hungry Horse-Pool,Elevation, , , , , , 
Ice Harbor-Pool,Elevation, , , , , , 
John Day-Pool,Elevation,shared/Locals-Dummy.dss, ,0 CFS,FLOW,1DAY, 
Kerr-Pool,Elevation, , , , , , 
Libby-Pool,Elevation, , , , , , 
Little Goose-Pool,Elevation, , , , , , 
Lower Granite-Pool,Elevation, , , , , , 
Lower Monumental-Pool,Elevation, , , , , , 
McNary-Pool,Elevation, , , , , , 
Mica-Pool,Elevation, , , , , , 
Noxon Rapids-Pool,Elevation, , , , , , 
Post Falls-Pool,Elevation, , , , , , 
Priest Rapids-Pool,Elevation, , , , , , 
Revelstoke-Pool,Elevation, , , , , , 
Rock Island-Pool,Elevation, , , , , , 
Rocky Reach-Pool,Elevation, , , , , , 
Seven Mile-Pool,Elevation, , , , , , 
The Dalles-Pool,Elevation,shared/Locals-Dummy.dss, ,0 CFS,FLOW,1DAY, 
Thompson Falls-Pool,Elevation, , , , , , 
Wanapum-Pool,Elevation, , , , , , 
Waneta-Pool,Elevation, , , , , , 
Wells-Pool,Elevation, , , , , , 
Tieton-Pool,Elevation, , , , , , 
Bumping Lake-Pool,Elevation, , , , , , 
Keechelus-Pool,Elevation, , , , , , 
Kachess-Pool,Elevation, , , , , , 
Cle Elum-Pool,Elevation, , , , , , 
Arrowrock-Pool,Elevation, , , , , , 
Palisades-Pool,Elevation, , , , , , 
Jackson Lake-Pool,Elevation, , , , , , 
American Falls-Pool,Elevation, , , , , , 
Deadwood-Pool,Elevation, , , , , , 
Cascade-Pool,Elevation, , , , , , 
Owyhee-Pool,Elevation, , , , , , 
Lucky Peak-Pool,Elevation, , , , , , 
Anderson Ranch-Pool,Elevation, , , , , , 
Big Cliff-Pool,Elevation,shared/obsData.dss,"BIG CLIFF LAKE NEAR NIAGARA, OR",14181400,ELEV-FOREBAY,1HOUR,USGS
Detroit-Pool,Elevation,shared/obsData.dss,"DETROIT LAKE NEAR DETROIT, OR",14180500,ELEV-FOREBAY,1HOUR,USGS
Foster-Pool,Elevation,shared/obsData.dss,"FOSTER LAKE AT FOSTER, OR",14186600,ELEV-FOREBAY,1HOUR,USGS
Green Peter-Pool,Elevation,shared/obsData.dss,"GREEN PETER LAKE NEAR FOSTER, OR",14186100,ELEV-FOREBAY,1HOUR,USGS
Blue River-Pool,Elevation,shared/obsData.dss,"BLUE RIVER LAKE NEAR BLUE RIVER, OR",14162100,ELEV-FOREBAY,1HOUR,USGS
Cougar-Pool,Elevation,shared/obsData.dss,"COUGAR LAKE NEAR RAINBOW, OR",14159400,ELEV-FOREBAY,1HOUR,USGS
Fern Ridge-Pool,Elevation,shared/obsData.dss,"FERN RIDGE LAKE NEAR ELMIRA, OR",14168000,ELEV-FOREBAY,1HOUR,USGS
Cottage Grove-Pool,Elevation,shared/obsData.dss,"COTTAGE GROVE LAKE NR COTTAGE GROVE, OR",14153000,ELEV-FOREBAY,1HOUR,USGS
Dorena-Pool,Elevation,shared/obsData.dss,"DORENA LAKE NEAR COTTAGE GROVE, OR",14155000,ELEV-FOREBAY,1HOUR,USGS
Fall Creek-Pool,Elevation,shared/obsData.dss,"FALL CREEK LAKE NEAR LOWELL, OR",14150900,ELEV-FOREBAY,1HOUR,USGS
Dexter-Pool,Elevation,shared/obsData.dss,"DEXTER LAKE AT DEXTER, OR",14149500,ELEV-FOREBAY,1HOUR,USGS
Lookout Point-Pool,Elevation,shared/obsData.dss,"LOOKOUT POINT LAKE NEAR LOWELL, OR",14149000,ELEV-FOREBAY,1HOUR,USGS
Hills Creek-Pool,Elevation,shared/obsData.dss,"HILLS CREEK LAKE NEAR OAKRIDGE, OR",14145100,ELEV-FOREBAY,1HOUR,USGS
Scoggins-Pool,Elevation,shared/obsData.dss, ,SCO,ELEV-FOREBAY,1HOUR,CWMS
Mossyrock-Pool,Elevation,shared/Locals-Dummy.dss, ,0 CFS,FLOW,1DAY, 
Mayfield-Pool,Elevation,shared/Locals-Dummy.dss, ,0 CFS,FLOW,1DAY, 
Columbia_at Tongue Point,Elevation,shared/Locals-Dummy.dss, ,0 CFS,FLOW,1DAY, 
