ResSimPath,Download_Key,Source
//BLU/FLOW-IN//1HOUR/CWMS/,BLU.Flow-In.Ave.15Minutes.3Hours.MIXED-COMPUTED-REV,CWMS
//CGR/FLOW-IN//1HOUR/CWMS/,CGR.Flow-In.Ave.15Minutes.3Hours.MIXED-COMPUTED-REV,CWMS
//COT/FLOW-IN//1HOUR/CWMS/,COT.Flow-In.Ave.15Minutes.3Hours.MIXED-COMPUTED-REV,CWMS
//DET/FLOW-IN//1HOUR/CWMS/,DET.Flow-In.Ave.1Hour.3Hours.CBT-COMPUTED-REV,CWMS
//DET/FLOW-OUT//1HOUR/CWMS/,DET.Flow-Out.Ave.1Hour.1Hour.CBT-REV,CWMS
//DOR/FLOW-IN//1HOUR/CWMS/,DOR.Flow-In.Ave.15Minutes.3Hours.MIXED-COMPUTED-REV,CWMS
//EUGO/FLOW//1HOUR/CWMS/,EUGO.Flow.Inst.0.0.MIXED-COMPUTED-REV,CWMS
//FAL/FLOW-IN//1HOUR/CWMS/,FAL.Flow-In.Ave.15Minutes.3Hours.MIXED-COMPUTED-REV,CWMS
//FOS/FLOW-IN//1HOUR/CWMS/,FOS.Flow-In.Ave.15Minutes.3Hours.MIXED-COMPUTED-REV,CWMS
//FOS/FLOW-OUT//1HOUR/CWMS/,FOS.Flow-Out.Ave.1Hour.1Hour.CBT-REV,CWMS
//FRMO/FLOW//1HOUR/CWMS/,FRMO.Flow.Inst.0.0.MIXED-REV,CWMS
//FRN/FLOW-IN//1HOUR/CWMS/,FRN.Flow-In.Ave.15Minutes.3Hours.MIXED-COMPUTED-REV,CWMS
//GPR/FLOW-IN//1HOUR/CWMS/,GPR.Flow-In.Ave.1Hour.3Hours.CBT-COMPUTED-REV,CWMS
//GPR/FLOW-OUT//1HOUR/CWMS/,GPR.Flow-Out.Ave.1Hour.1Hour.CBT-REV,CWMS
//HCR/FLOW-IN//1HOUR/CWMS/,HCR.Flow-In.Ave.15Minutes.3Hours.MIXED-COMPUTED-REV,CWMS
//LOP/FLOW-IN//1HOUR/CWMS/,LOP.Flow-In.Ave.1Hour.3Hours.CBT-COMPUTED-REV,CWMS
//LOP/FLOW-OUT//1HOUR/CWMS/,LOP.Flow-Out.Ave.1Hour.1Hour.CBT-REV,CWMS
"/BIG CLIFF LAKE NEAR NIAGARA, OR/14181400/ELEV-FOREBAY//1HOUR/USGS/",14181400,USGS
"/BLUE RIVER AT BLUE RIVER, OR/14162200/FLOW//1HOUR/USGS/",14162200,USGS
"/BLUE RIVER LAKE NEAR BLUE RIVER, OR/14162100/ELEV-FOREBAY//1HOUR/USGS/",14162100,USGS
"/CLACKAMAS RIVER NEAR OREGON CITY, OR/14211010/FLOW//1HOUR/USGS/",14211010,USGS
"/COAST FORK WILLAMETTE R BLW COTTAGE GROVE DAM, OR/14153500/FLOW//1HOUR/USGS/",14153500,USGS
"/COAST FORK WILLAMETTE RIVER NEAR GOSHEN, OR/14157500/FLOW//1HOUR/USGS/",14157500,USGS
"/COTTAGE GROVE LAKE NR COTTAGE GROVE, OR/14153000/ELEV-FOREBAY//1HOUR/USGS/",14153000,USGS
"/COUGAR LAKE NEAR RAINBOW, OR/14159400/ELEV-FOREBAY//1HOUR/USGS/",14159400,USGS
"/DETROIT LAKE NEAR DETROIT, OR/14180500/ELEV-FOREBAY//1HOUR/USGS/",14180500,USGS
"/DEXTER LAKE AT DEXTER, OR/14149500/ELEV-FOREBAY//1HOUR/USGS/",14149500,USGS
"/DORENA LAKE NEAR COTTAGE GROVE, OR/14155000/ELEV-FOREBAY//1HOUR/USGS/",14155000,USGS
"/FALL CREEK BLW WINBERRY CREEK, NEAR FALL CREEK, OR/14151000/FLOW//1HOUR/USGS/",14151000,USGS
"/FALL CREEK LAKE NEAR LOWELL, OR/14150900/ELEV-FOREBAY//1HOUR/USGS/",14150900,USGS
"/FERN RIDGE LAKE NEAR ELMIRA, OR/14168000/ELEV-FOREBAY//1HOUR/USGS/",14168000,USGS
"/FOSTER LAKE AT FOSTER, OR/14186600/ELEV-FOREBAY//1HOUR/USGS/",14186600,USGS
"/GREEN PETER LAKE NEAR FOSTER, OR/14186100/ELEV-FOREBAY//1HOUR/USGS/",14186100,USGS
"/HILLS CREEK LAKE NEAR OAKRIDGE, OR/14145100/ELEV-FOREBAY//1HOUR/USGS/",14145100,USGS
"/JOHNSON CREEK AT SYCAMORE, OR/14211500/FLOW//1HOUR/USGS/",14211500,USGS
"/LONG TOM RIVER AT MONROE, OR/14170000/FLOW//1HOUR/USGS/",14170000,USGS
"/LONG TOM RIVER NEAR ALVADORE, OR/14169000/FLOW//1HOUR/USGS/",14169000,USGS
"/LOOKOUT POINT LAKE NEAR LOWELL, OR/14149000/ELEV-FOREBAY//1HOUR/USGS/",14149000,USGS
"/LUCKIAMUTE RIVER NEAR SUVER, OR/14190500/FLOW//1HOUR/USGS/",14190500,USGS
"/MCKENZIE RIVER NEAR VIDA, OR/14162500/FLOW//1HOUR/USGS/",14162500,USGS
"/MF WILLAMETTE RIVER ABV SALT CRK, NEAR OAKRIDGE,OR/14145500/FLOW//1HOUR/USGS/",14145500,USGS
"/MIDDLE FORK WILLAMETTE RIVER AT JASPER, OR/14152000/FLOW//1HOUR/USGS/",14152000,USGS
"/MIDDLE FORK WILLAMETTE RIVER NEAR DEXTER, OR/14150000/FLOW//1HOUR/USGS/",14150000,USGS
"/MOLALLA RIVER NEAR CANBY, OR/14200000/FLOW//1HOUR/USGS/",14200000,USGS
"/NORTH SANTIAM RIVER AT MEHAMA, OR/14183000/FLOW//1HOUR/USGS/",14183000,USGS
"/NORTH SANTIAM RIVER AT NIAGARA, OR/14181500/FLOW//1HOUR/USGS/",14181500,USGS
"/PUDDING RIVER AT AURORA, OR/14202000/FLOW//1HOUR/USGS/",14202000,USGS
"/ROW RIVER NEAR COTTAGE GROVE, OR/14155500/FLOW//1HOUR/USGS/",14155500,USGS
"/SANTIAM RIVER AT JEFFERSON, OR/14189000/FLOW//1HOUR/USGS/",14189000,USGS
"/SOUTH FORK MCKENZIE RIVER NEAR RAINBOW, OR/14159500/FLOW//1HOUR/USGS/",14159500,USGS
"/SOUTH SANTIAM RIVER AT WATERLOO, OR/14187500/FLOW//1HOUR/USGS/",14187500,USGS
"/SOUTH YAMHILL RIVER AT MCMINNVILLE, OR/14194150/FLOW//1HOUR/USGS/",14194150,USGS
"/TUALATIN RIVER AT WEST LINN, OR/14207500/FLOW//1HOUR/USGS/",14207500,USGS
"/TUALATIN RIVER NEAR DILLEY, OR/14203500/FLOW//1HOUR/USGS/",14203500,USGS
"/WILLAMETTE RIVER AT ALBANY, OR/14174000/FLOW//1HOUR/USGS/",14174000,USGS
"/WILLAMETTE RIVER AT HARRISBURG, OR/14166000/FLOW//1HOUR/USGS/",14166000,USGS
"/WILLAMETTE RIVER AT NEWBERG, OR/14197900/FLOW//1HOUR/USGS/",14197900,USGS
"/WILLAMETTE RIVER AT SALEM, OR/14191000/FLOW//1HOUR/USGS/",14191000,USGS
