Project,Parameter,CWMS_Key,USGS_Key,Matched_By,CWMS_ResSimPath,USGS_ResSimPath
BCL,ELEV,BCL.Elev-Forebay.Inst.1Hour.0.CBT-REV,14181400,willamette_projects.py gage,//BCL/ELEV-FOREBAY//1HOUR/CWMS-QAQC/,"/BIG CLIFF LAKE NEAR NIAGARA, OR/14181400/ELEV-FOREBAY//1HOUR/USGS/"
BCL,FLOW,BCL.Flow-Out.Inst.0.0.MIXED-COMPUTED-REV,14181500,willamette_projects.py gage,//BCL/FLOW-OUT//1HOUR/CWMS-QAQC/,"/NORTH SANTIAM RIVER AT NIAGARA, OR/14181500/FLOW//1HOUR/USGS/"
BLU,ELEV,BLU.Elev-Forebay.Inst.0.0.MIXED-REV,14162100,willamette_projects.py gage,//BLU/ELEV-FOREBAY//1HOUR/CWMS-QAQC/,"/BLUE RIVER LAKE NEAR BLUE RIVER, OR/14162100/ELEV-FOREBAY//1HOUR/USGS/"
BLU,FLOW,BLU.Flow-Out.Inst.0.0.MIXED-COMPUTED-REV,14162200,willamette_projects.py gage,//BLU/FLOW-OUT//1HOUR/CWMS-QAQC/,"/BLUE RIVER AT BLUE RIVER, OR/14162200/FLOW//1HOUR/USGS/"
CGR,ELEV,CGR.Elev-Forebay.Inst.1Hour.0.CBT-REV,14159400,willamette_projects.py gage,//CGR/ELEV-FOREBAY//1HOUR/CWMS-QAQC/,"/COUGAR LAKE NEAR RAINBOW, OR/14159400/ELEV-FOREBAY//1HOUR/USGS/"
CGR,FLOW,CGR.Flow-Out.Ave.1Hour.1Hour.CBT-REV,14159500,willamette_projects.py gage,//CGR/FLOW-OUT//1HOUR/CWMS-QAQC/,"/SOUTH FORK MCKENZIE RIVER NEAR RAINBOW, OR/14159500/FLOW//1HOUR/USGS/"
COT,ELEV,COT.Elev-Forebay.Inst.0.0.MIXED-REV,14153000,willamette_projects.py gage,//COT/ELEV-FOREBAY//1HOUR/CWMS-QAQC/,"/COTTAGE GROVE LAKE NR COTTAGE GROVE, OR/14153000/ELEV-FOREBAY//1HOUR/USGS/"
COT,FLOW,COT.Flow-Out.Inst.0.0.MIXED-COMPUTED-REV,14153500,willamette_projects.py gage,//COT/FLOW-OUT//1HOUR/CWMS-QAQC/,"/COAST FORK WILLAMETTE R BLW COTTAGE GROVE DAM, OR/14153500/FLOW//1HOUR/USGS/"
DET,ELEV,DET.Elev-Forebay.Inst.1Hour.0.CBT-REV,14180500,willamette_projects.py gage,//DET/ELEV-FOREBAY//1HOUR/CWMS-QAQC/,"/DETROIT LAKE NEAR DETROIT, OR/14180500/ELEV-FOREBAY//1HOUR/USGS/"
DEX,ELEV,DEX.Elev-Forebay.Inst.1Hour.0.CBT-REV,14149500,willamette_projects.py gage,//DEX/ELEV-FOREBAY//1HOUR/CWMS-QAQC/,"/DEXTER LAKE AT DEXTER, OR/14149500/ELEV-FOREBAY//1HOUR/USGS/"
DEX,FLOW,DEX.Flow-Out.Inst.0.0.MIXED-COMPUTED-REV,14150000,willamette_projects.py gage,//DEX/FLOW-OUT//1HOUR/CWMS-QAQC/,"/MIDDLE FORK WILLAMETTE RIVER NEAR DEXTER, OR/14150000/FLOW//1HOUR/USGS/"
DOR,ELEV,DOR.Elev-Forebay.Inst.0.0.MIXED-REV,14155000,willamette_projects.py gage,//DOR/ELEV-FOREBAY//1HOUR/CWMS-QAQC/,"/DORENA LAKE NEAR COTTAGE GROVE, OR/14155000/ELEV-FOREBAY//1HOUR/USGS/"
DOR,FLOW,DOR.Flow-Out.Inst.0.0.MIXED-COMPUTED-REV,14155500,willamette_projects.py gage,//DOR/FLOW-OUT//1HOUR/CWMS-QAQC/,"/ROW RIVER NEAR COTTAGE GROVE, OR/14155500/FLOW//1HOUR/USGS/"
FAL,ELEV,FAL.Elev-Forebay.Inst.0.0.MIXED-REV,14150900,willamette_projects.py gage,//FAL/ELEV-FOREBAY//1HOUR/CWMS-QAQC/,"/FALL CREEK LAKE NEAR LOWELL, OR/14150900/ELEV-FOREBAY//1HOUR/USGS/"
FAL,FLOW,FAL.Flow-Out.Inst.0.0.MIXED-COMPUTED-REV,14151000,willamette_projects.py gage,//FAL/FLOW-OUT//1HOUR/CWMS-QAQC/,"/FALL CREEK BLW WINBERRY CREEK, NEAR FALL CREEK, OR/14151000/FLOW//1HOUR/USGS/"
FOS,ELEV,FOS.Elev-Forebay.Inst.1Hour.0.CBT-REV,14186600,willamette_projects.py gage,//FOS/ELEV-FOREBAY//1HOUR/CWMS-QAQC/,"/FOSTER LAKE AT FOSTER, OR/14186600/ELEV-FOREBAY//1HOUR/USGS/"
FOS,FLOW,FOS.Flow-Out.Ave.1Hour.1Hour.CBT-REV,14187200,willamette_projects.py gage,//FOS/FLOW-OUT//1HOUR/CWMS/,/FOSTER QAQC/14187200/FLOW//1HOUR/USGS-QAQC/
FRN,ELEV,FRN.Elev-Forebay.Inst.0.0.MIXED-REV,14168000,willamette_projects.py gage,//FRN/ELEV-FOREBAY//1HOUR/CWMS-QAQC/,"/FERN RIDGE LAKE NEAR ELMIRA, OR/14168000/ELEV-FOREBAY//1HOUR/USGS/"
FRN,FLOW,FRN.Flow-Out.Inst.0.0.MIXED-COMPUTED-REV,14169000,willamette_projects.py gage,//FRN/FLOW-OUT//1HOUR/CWMS-QAQC/,"/LONG TOM RIVER NEAR ALVADORE, OR/14169000/FLOW//1HOUR/USGS/"
GPR,ELEV,GPR.Elev-Forebay.Inst.1Hour.0.CBT-REV,14186100,willamette_projects.py gage,//GPR/ELEV-FOREBAY//1HOUR/CWMS-QAQC/,"/GREEN PETER LAKE NEAR FOSTER, OR/14186100/ELEV-FOREBAY//1HOUR/USGS/"
HCR,ELEV,HCR.Elev-Forebay.Inst.1Hour.0.CBT-REV,14145100,willamette_projects.py gage,//HCR/ELEV-FOREBAY//1HOUR/CWMS-QAQC/,"/HILLS CREEK LAKE NEAR OAKRIDGE, OR/14145100/ELEV-FOREBAY//1HOUR/USGS/"
HCR,FLOW,HCR.Flow-Out.Ave.1Hour.1Hour.CBT-REV,14145500,willamette_projects.py gage,//HCR/FLOW-OUT//1HOUR/CWMS-QAQC/,"/MF WILLAMETTE RIVER ABV SALT CRK, NEAR OAKRIDGE,OR/14145500/FLOW//1HOUR/USGS/"
LOP,ELEV,LOP.Elev-Forebay.Inst.1Hour.0.CBT-REV,14149000,willamette_projects.py gage,//LOP/ELEV-FOREBAY//1HOUR/CWMS-QAQC/,"/LOOKOUT POINT LAKE NEAR LOWELL, OR/14149000/ELEV-FOREBAY//1HOUR/USGS/"
